id_dest,dest_lat,dest_lon,demographic,weighted_dist,demo_pop,avg_dist
Bogan Park Community Recreation Center,34.10593,-83.9682,population,300085874.026517,57314,5235.82151004147
Dacula Park Activity Building,33.9961,-83.89283,population,337475664.42889,61159,5518.00494496133
George Pierce Park Community Recreation Center,34.05925,-84.05714,population,456046446.229825,91493,4984.49549397031
Gwinnett County Board of Voter Registrations and Elections Beauty P. Baldwin Building,33.93928,-83.98557,population,342337074.125111,72890,4696.62606839225
Gwinnett County Fairgrounds,33.91845,-83.988,population,506929648.470371,90693,5589.51240415877
Lenora Park Gym,33.78823,-84.00129,population,279195964.146748,55204,5057.53141342562
Lucky Shoals Park Community Recreation Center,33.88058,-84.19716,population,340521985.067868,79293,4294.47725609913
Mountain Park Activity Building,33.84508,-84.13328,population,272312109.222758,57356,4747.75279347859
Shorty Howell Park Activity Building,33.97391,-84.14712,population,728688227.419218,144082,5057.45497299606
