demographic,weighted_dist,avg_dist,demo_res_obj_summand,demo_pop,avg_KP_weight,y_EDE
asian,342093409.05382806,3432.9149637618093,602946.5189363532,99651,6.050581719564812,4001.730311313265
black,692418789.1167363,3666.9868349886738,1306233.746868676,188825,6.917694939063557,4299.451720887971
hispanic,530533141.2260704,3617.4605119772423,998247.9846659382,146659,6.806592058216258,4263.459133499712
native,19615021.415134344,3589.8648270743674,36600.19659383813,5464,6.698425438110932,4227.848848724266
population,2621582769.3911695,3695.0555183642896,5164793.040529865,709484,7.279646955435028,4412.823804670653
white,1037746421.5651196,3846.5397575313846,2215257.269366723,269787,8.211134225765967,4680.49147716467
