demographic,weighted_dist,avg_dist,demo_res_obj_summand,demo_pop,avg_KP_weight,y_EDE
asian,321848250.3140381,3229.7543458072482,598070.4331265608,99651,6.001650090079987,3672.161347011824
black,682273814.5322452,3613.259973691223,1455038.5975569445,188825,7.7057518737293496,4184.312681751985
hispanic,514079238.2781944,3505.2689455007494,1064622.3695359488,146659,7.259168339726501,4061.9743181115123
native,18916477.347887892,3462.0200124245775,39490.73674868163,5464,7.22744083980264,4052.9984761056726
population,2461218924.914502,3469.026679832811,5091914.588584102,709484,7.176926595362406,4038.6261571078567
white,926989684.0036722,3436.0057526999904,1938601.670053065,269787,7.185674884457239,4041.122449579057
