demographic,weighted_dist,avg_dist,demo_res_obj_summand,demo_pop,avg_KP_weight,y_EDE
asian,44512420.47110358,2698.540192246352,111136.04928484307,16495,6.737559823270268,3027.565627747189
black,48750305.45202623,2728.3582634892678,125531.80860464252,17868,7.025509771918655,3093.9825976627467
hispanic,37326973.96595451,2658.6163793414894,95999.1605266806,14040,6.837547046059872,3050.9444743571707
native,1313388.0788555853,2616.310914054951,3301.0237962610368,502,6.57574461406581,2988.9850397302826
population,293384091.4833535,2695.628246674876,767399.5937173091,108837,7.050907262395224,3099.7094123718607
white,158430629.74257478,2690.8747005209975,422911.81932539714,58877,7.182971607340678,3129.159646900467
