demographic,weighted_dist,demo_pop,avg_dist,demo_res_obj_summand,demo_pop,avg_KP_weight,y_EDE
asian,49892.98838540231,7,7127.569769343187,52.90438187782914,7,7.557768839689877,7154.795240677859
black,3501738.3144218842,501,6989.497633576615,3632.756292160701,501,7.2510105631950115,7008.219699580976
hispanic,1981071.0434833353,284,6975.602265786392,2048.583899119815,284,7.213323588450054,6989.7858446885675
native,686368.8711914861,98,7003.763991749858,711.6816658832757,98,7.262057815135467,7013.6050932103335
population,6589017.875314217,943,6987.293611149753,6831.059782532552,943,7.2439658351352625,7004.781198967886
white,5444241.708989973,778,6997.739985848295,5652.728505209711,778,7.265717873020194,7015.387517898047
