demographic,weighted_dist,avg_dist,demo_res_obj_summand,demo_pop,avg_KP_weight,y_EDE
asian,219953533.34768778,2207.2385961775376,623577.3475336889,99651,6.257612543112351,2506.532261839912
black,444128204.5614925,2352.062515882391,1365259.0552767555,188825,7.230287595799049,2704.015216741073
hispanic,328979106.2759714,2243.156616886597,955274.5913817378,146659,6.513576332729242,2561.3292882298438
native,12262203.57760362,2244.1807426068117,35846.92274123626,5464,6.56056419129507,2571.1541398725076
population,1644297867.2827098,2317.5968271063334,4996373.462806463,709484,7.042263761841653,2667.9998333463836
white,639160316.6356125,2369.129411853101,2008124.7741773184,269787,7.443371156420874,2743.7155074712796
