{
  "type": "FeatureCollection",
  "features": [
    {
      "type": "Feature",
      "geometry": {
        "type": "LineString",
        "coordinates": [
          [
            -80.40635,
            39.714466
          ],
          [
            -80.406328,
            39.71432
          ],
          [
            -80.406444,
            39.713616
          ],
          [
            -80.405905,
            39.711786
          ],
          [
            -80.405414,
            39.711212
          ],
          [
            -80.405116,
            39.710711
          ],
          [
            -80.405038,
            39.710296
          ],
          [
            -80.404555,
            39.7095
          ],
          [
            -80.404491,
            39.709163
          ],
          [
            -80.404309,
            39.708821
          ],
          [
            -80.404054,
            39.708468
          ],
          [
            -80.40385,
            39.70781
          ],
          [
            -80.403587,
            39.707263
          ],
          [
            -80.403571,
            39.707092
          ],
          [
            -80.403469,
            39.706902
          ],
          [
            -80.403308,
            39.706667
          ],
          [
            -80.403158,
            39.706372
          ],
          [
            -80.403126,
            39.706171
          ],
          [
            -80.403424,
            39.705385
          ],
          [
            -80.403373,
            39.704552
          ],
          [
            -80.403383,
            39.704463
          ],
          [
            -80.403247,
            39.704223
          ],
          [
            -80.402898,
            39.70378
          ],
          [
            -80.402447,
            39.70328
          ],
          [
            -80.401999,
            39.702544
          ],
          [
            -80.401801,
            39.702419
          ],
          [
            -80.401363,
            39.702197
          ],
          [
            -80.40123,
            39.702113
          ],
          [
            -80.401091,
            39.70205
          ],
          [
            -80.400916,
            39.701816
          ],
          [
            -80.400717,
            39.70165
          ],
          [
            -80.400696,
            39.701607
          ],
          [
            -80.400704,
            39.701545
          ],
          [
            -80.400763,
            39.70152
          ],
          [
            -80.400841,
            39.701514
          ],
          [
            -80.401345,
            39.701607
          ],
          [
            -80.401928,
            39.701611
          ],
          [
            -80.402077,
            39.701589
          ],
          [
            -80.402119,
            39.701539
          ],
          [
            -80.40212,
            39.701487
          ],
          [
            -80.402097,
            39.701437
          ],
          [
            -80.401535,
            39.701124
          ],
          [
            -80.401264,
            39.700912
          ],
          [
            -80.400948,
            39.7005
          ],
          [
            -80.400771,
            39.700088
          ],
          [
            -80.400558,
            39.699814
          ],
          [
            -80.400523,
            39.699713
          ],
          [
            -80.400496,
            39.699614
          ],
          [
            -80.400543,
            39.699399
          ],
          [
            -80.4008,
            39.698982
          ],
          [
            -80.401071,
            39.698268
          ],
          [
            -80.401071,
            39.697839
          ],
          [
            -80.400942,
            39.697285
          ],
          [
            -80.400642,
            39.696398
          ],
          [
            -80.400481,
            39.696196
          ],
          [
            -80.400301,
            39.696029
          ],
          [
            -80.400068,
            39.695958
          ],
          [
            -80.398217,
            39.695783
          ],
          [
            -80.396525,
            39.695599
          ],
          [
            -80.394521,
            39.695246
          ],
          [
            -80.393534,
            39.695007
          ],
          [
            -80.392518,
            39.694603
          ],
          [
            -80.392272,
            39.694523
          ],
          [
            -80.391235,
            39.693997
          ],
          [
            -80.390857,
            39.693734
          ],
          [
            -80.390568,
            39.693486
          ],
          [
            -80.390377,
            39.693264
          ],
          [
            -80.390053,
            39.692817
          ],
          [
            -80.38976,
            39.692559
          ],
          [
            -80.389444,
            39.692347
          ],
          [
            -80.388575,
            39.691998
          ],
          [
            -80.388229,
            39.691903
          ],
          [
            -80.387727,
            39.691806
          ],
          [
            -80.387314,
            39.6918
          ],
          [
            -80.386933,
            39.691853
          ],
          [
            -80.386469,
            39.692002
          ],
          [
            -80.386048,
            39.692194
          ],
          [
            -80.385455,
            39.692541
          ],
          [
            -80.383626,
            39.69318
          ],
          [
            -80.383339,
            39.693185
          ],
          [
            -80.382958,
            39.69316
          ],
          [
            -80.382199,
            39.693282
          ],
          [
            -80.381539,
            39.693451
          ],
          [
            -80.38052,
            39.693645
          ],
          [
            -80.379104,
            39.693996
          ],
          [
            -80.37835,
            39.693808
          ],
          [
            -80.376347,
            39.69343
          ],
          [
            -80.375885,
            39.693385
          ],
          [
            -80.375622,
            39.693315
          ],
          [
            -80.375145,
            39.693067
          ],
          [
            -80.374737,
            39.692885
          ],
          [
            -80.373745,
            39.692477
          ],
          [
            -80.373396,
            39.692365
          ],
          [
            -80.373128,
            39.6922
          ],
          [
            -80.372801,
            39.691816
          ],
          [
            -80.372463,
            39.691581
          ],
          [
            -80.371878,
            39.691407
          ],
          [
            -80.371261,
            39.691313
          ],
          [
            -80.370194,
            39.69123
          ],
          [
            -80.369695,
            39.691214
          ],
          [
            -80.369003,
            39.691053
          ],
          [
            -80.368005,
            39.690846
          ],
          [
            -80.367147,
            39.690685
          ],
          [
            -80.366857,
            39.690664
          ],
          [
            -80.366101,
            39.690243
          ],
          [
            -80.365366,
            39.689905
          ],
          [
            -80.362008,
            39.688993
          ],
          [
            -80.361265,
            39.688746
          ],
          [
            -80.360836,
            39.68854
          ],
          [
            -80.360545,
            39.688173
          ],
          [
            -80.360232,
            39.687888
          ],
          [
            -80.35952,
            39.687404
          ],
          [
            -80.35889,
            39.686836
          ],
          [
            -80.358027,
            39.686398
          ],
          [
            -80.357852,
            39.686286
          ],
          [
            -80.357423,
            39.685733
          ],
          [
            -80.357057,
            39.685409
          ],
          [
            -80.356542,
            39.684916
          ],
          [
            -80.355813,
            39.684299
          ],
          [
            -80.354677,
            39.683008
          ],
          [
            -80.354582,
            39.682798
          ],
          [
            -80.354517,
            39.682572
          ],
          [
            -80.354309,
            39.682135
          ],
          [
            -80.354193,
            39.6818
          ],
          [
            -80.353455,
            39.680301
          ],
          [
            -80.353343,
            39.680013
          ],
          [
            -80.353303,
            39.679843
          ],
          [
            -80.353277,
            39.679122
          ],
          [
            -80.353026,
            39.679131
          ],
          [
            -80.351548,
            39.679179
          ],
          [
            -80.35096,
            39.679231
          ],
          [
            -80.349038,
            39.679562
          ],
          [
            -80.348619,
            39.679614
          ],
          [
            -80.348278,
            39.679637
          ],
          [
            -80.347921,
            39.679633
          ],
          [
            -80.347288,
            39.679575
          ],
          [
            -80.345324,
            39.679416
          ],
          [
            -80.344898,
            39.679361
          ],
          [
            -80.344577,
            39.679279
          ],
          [
            -80.344054,
            39.679104
          ],
          [
            -80.34041,
            39.677445
          ],
          [
            -80.340158,
            39.677278
          ],
          [
            -80.339942,
            39.677085
          ],
          [
            -80.339765,
            39.676822
          ],
          [
            -80.339674,
            39.676578
          ],
          [
            -80.339248,
            39.675767
          ],
          [
            -80.339136,
            39.6756
          ],
          [
            -80.339007,
            39.675472
          ],
          [
            -80.338761,
            39.675368
          ],
          [
            -80.338602,
            39.67532
          ],
          [
            -80.338439,
            39.675313
          ],
          [
            -80.338298,
            39.675335
          ],
          [
            -80.338093,
            39.675417
          ],
          [
            -80.337999,
            39.67549
          ],
          [
            -80.337937,
            39.675557
          ],
          [
            -80.337905,
            39.675624
          ],
          [
            -80.337892,
            39.675693
          ],
          [
            -80.337905,
            39.675788
          ],
          [
            -80.338177,
            39.677421
          ],
          [
            -80.338187,
            39.677891
          ],
          [
            -80.338106,
            39.678325
          ],
          [
            -80.33801,
            39.678588
          ],
          [
            -80.33785,
            39.678786
          ],
          [
            -80.33707,
            39.679598
          ],
          [
            -80.336906,
            39.679833
          ],
          [
            -80.336681,
            39.680242
          ],
          [
            -80.336568,
            39.680449
          ],
          [
            -80.336541,
            39.680498
          ],
          [
            -80.336299,
            39.680859
          ],
          [
            -80.335817,
            39.681305
          ],
          [
            -80.333608,
            39.682473
          ],
          [
            -80.332078,
            39.683262
          ],
          [
            -80.330463,
            39.684113
          ],
          [
            -80.330195,
            39.68434
          ],
          [
            -80.330034,
            39.6846
          ],
          [
            -80.32976,
            39.685459
          ],
          [
            -80.329558,
            39.686251
          ],
          [
            -80.329423,
            39.686527
          ],
          [
            -80.329236,
            39.686841
          ],
          [
            -80.328828,
            39.687208
          ],
          [
            -80.328259,
            39.687526
          ],
          [
            -80.327235,
            39.687869
          ],
          [
            -80.326593,
            39.688004
          ],
          [
            -80.326357,
            39.688047
          ],
          [
            -80.326094,
            39.68807
          ],
          [
            -80.32554,
            39.688086
          ],
          [
            -80.324752,
            39.688184
          ],
          [
            -80.324023,
            39.688318
          ],
          [
            -80.323621,
            39.688425
          ],
          [
            -80.323255,
            39.688544
          ],
          [
            -80.322919,
            39.688666
          ],
          [
            -80.322619,
            39.688805
          ],
          [
            -80.320926,
            39.689582
          ],
          [
            -80.319649,
            39.690173
          ],
          [
            -80.318644,
            39.690638
          ],
          [
            -80.317509,
            39.691163
          ],
          [
            -80.316651,
            39.691564
          ],
          [
            -80.316474,
            39.691741
          ],
          [
            -80.316385,
            39.691945
          ],
          [
            -80.316325,
            39.692515
          ],
          [
            -80.316219,
            39.693516
          ],
          [
            -80.316058,
            39.694781
          ],
          [
            -80.315913,
            39.695116
          ],
          [
            -80.315618,
            39.695347
          ],
          [
            -80.315465,
            39.695393
          ],
          [
            -80.315253,
            39.695458
          ],
          [
            -80.314813,
            39.695446
          ],
          [
            -80.314481,
            39.695343
          ],
          [
            -80.313601,
            39.694905
          ],
          [
            -80.31322,
            39.694814
          ],
          [
            -80.312765,
            39.694841
          ],
          [
            -80.311122,
            39.695206
          ],
          [
            -80.310768,
            39.695347
          ],
          [
            -80.310522,
            39.695504
          ],
          [
            -80.310361,
            39.695702
          ],
          [
            -80.308615,
            39.698753
          ],
          [
            -80.308477,
            39.698994
          ],
          [
            -80.308306,
            39.699293
          ],
          [
            -80.307678,
            39.699924
          ],
          [
            -80.306761,
            39.700692
          ],
          [
            -80.306445,
            39.700828
          ],
          [
            -80.306048,
            39.700906
          ],
          [
            -80.305371,
            39.700895
          ],
          [
            -80.303687,
            39.700849
          ],
          [
            -80.303333,
            39.700911
          ],
          [
            -80.302689,
            39.701072
          ],
          [
            -80.302083,
            39.70129
          ],
          [
            -80.301888,
            39.701416
          ],
          [
            -80.301391,
            39.701736
          ],
          [
            -80.301156,
            39.701887
          ],
          [
            -80.300338,
            39.70243
          ],
          [
            -80.29996,
            39.702682
          ],
          [
            -80.29927,
            39.703142
          ],
          [
            -80.299062,
            39.70328
          ],
          [
            -80.298701,
            39.703521
          ],
          [
            -80.29832,
            39.703769
          ],
          [
            -80.297183,
            39.704516
          ],
          [
            -80.296985,
            39.704643
          ],
          [
            -80.296678,
            39.70484
          ],
          [
            -80.296469,
            39.704949
          ],
          [
            -80.296153,
            39.705048
          ],
          [
            -80.29581,
            39.705102
          ],
          [
            -80.293937,
            39.70511
          ],
          [
            -80.293288,
            39.705246
          ],
          [
            -80.292113,
            39.705708
          ],
          [
            -80.291867,
            39.705842
          ],
          [
            -80.291668,
            39.705985
          ],
          [
            -80.291329,
            39.70638
          ],
          [
            -80.291023,
            39.706818
          ],
          [
            -80.290509,
            39.707499
          ],
          [
            -80.290241,
            39.707686
          ],
          [
            -80.289941,
            39.707821
          ],
          [
            -80.289524,
            39.707944
          ],
          [
            -80.289136,
            39.708015
          ],
          [
            -80.288289,
            39.708007
          ],
          [
            -80.287495,
            39.707896
          ],
          [
            -80.287233,
            39.707799
          ],
          [
            -80.284728,
            39.706645
          ],
          [
            -80.284501,
            39.706542
          ],
          [
            -80.28389,
            39.706125
          ],
          [
            -80.283603,
            39.705875
          ],
          [
            -80.283321,
            39.70563
          ],
          [
            -80.283041,
            39.705432
          ],
          [
            -80.282715,
            39.705201
          ],
          [
            -80.281052,
            39.704503
          ],
          [
            -80.280811,
            39.704346
          ],
          [
            -80.280698,
            39.704247
          ],
          [
            -80.280355,
            39.703806
          ],
          [
            -80.280151,
            39.703653
          ],
          [
            -80.279706,
            39.703451
          ],
          [
            -80.279102,
            39.70332
          ],
          [
            -80.278912,
            39.703257
          ],
          [
            -80.278709,
            39.703187
          ],
          [
            -80.278434,
            39.703022
          ],
          [
            -80.277678,
            39.702448
          ],
          [
            -80.276986,
            39.701924
          ],
          [
            -80.276878,
            39.701884
          ],
          [
            -80.276584,
            39.701804
          ],
          [
            -80.276138,
            39.701866
          ],
          [
            -80.276042,
            39.701911
          ],
          [
            -80.273407,
            39.703777
          ],
          [
            -80.271984,
            39.704611
          ],
          [
            -80.270846,
            39.70525
          ],
          [
            -80.270308,
            39.705479
          ],
          [
            -80.27004,
            39.705565
          ],
          [
            -80.269248,
            39.705807
          ],
          [
            -80.268829,
            39.705902
          ],
          [
            -80.268416,
            39.705853
          ],
          [
            -80.268097,
            39.705619
          ],
          [
            -80.267665,
            39.705259
          ],
          [
            -80.267354,
            39.70511
          ],
          [
            -80.266957,
            39.705048
          ],
          [
            -80.264007,
            39.704957
          ],
          [
            -80.263127,
            39.704904
          ],
          [
            -80.262456,
            39.704813
          ],
          [
            -80.261721,
            39.704623
          ],
          [
            -80.261088,
            39.704355
          ],
          [
            -80.259302,
            39.703488
          ],
          [
            -80.258728,
            39.703191
          ],
          [
            -80.25817,
            39.703079
          ],
          [
            -80.258043,
            39.703082
          ],
          [
            -80.257785,
            39.703088
          ],
          [
            -80.257403,
            39.703162
          ],
          [
            -80.257319,
            39.703175
          ],
          [
            -80.257012,
            39.703373
          ],
          [
            -80.256739,
            39.70367
          ],
          [
            -80.256589,
            39.704004
          ],
          [
            -80.25653,
            39.704392
          ],
          [
            -80.256782,
            39.705251
          ],
          [
            -80.2569,
            39.705734
          ],
          [
            -80.256832,
            39.706165
          ],
          [
            -80.255924,
            39.707838
          ],
          [
            -80.255296,
            39.708936
          ],
          [
            -80.254589,
            39.710318
          ],
          [
            -80.25447,
            39.71055
          ],
          [
            -80.254161,
            39.710946
          ],
          [
            -80.25374,
            39.711231
          ],
          [
            -80.253349,
            39.711375
          ],
          [
            -80.251701,
            39.711723
          ],
          [
            -80.251081,
            39.711907
          ],
          [
            -80.250974,
            39.711731
          ],
          [
            -80.250912,
            39.711629
          ],
          [
            -80.250815,
            39.71146
          ],
          [
            -80.250809,
            39.711288
          ],
          [
            -80.250845,
            39.711041
          ],
          [
            -80.250956,
            39.71083
          ],
          [
            -80.251133,
            39.710616
          ],
          [
            -80.251385,
            39.710459
          ],
          [
            -80.251723,
            39.710372
          ],
          [
            -80.252281,
            39.710368
          ],
          [
            -80.252418,
            39.710288
          ],
          [
            -80.252573,
            39.710198
          ],
          [
            -80.253183,
            39.710484
          ],
          [
            -80.253236,
            39.710545
          ]
        ]
      },
      "properties": {
        "id_orig": "540610114004013",
        "id_dest": "Mason Dixon Elementary School",
        "duration_min": 31.0163333333333,
        "total_population": 4
      }
    },
    {
      "type": "Feature",
      "geometry": {
        "type": "LineString",
        "coordinates": [
          [
            -80.185582,
            39.618351
          ],
          [
            -80.185301,
            39.617758
          ],
          [
            -80.185011,
            39.616788
          ],
          [
            -80.184936,
            39.616335
          ],
          [
            -80.184961,
            39.615921
          ],
          [
            -80.184887,
            39.615706
          ],
          [
            -80.184363,
            39.614868
          ],
          [
            -80.183833,
            39.613953
          ],
          [
            -80.183304,
            39.61343
          ],
          [
            -80.182761,
            39.613087
          ],
          [
            -80.182445,
            39.613025
          ],
          [
            -80.182283,
            39.612294
          ],
          [
            -80.181627,
            39.611608
          ],
          [
            -80.181414,
            39.611263
          ],
          [
            -80.181116,
            39.610697
          ],
          [
            -80.181117,
            39.610116
          ],
          [
            -80.181165,
            39.609715
          ],
          [
            -80.180047,
            39.608405
          ],
          [
            -80.179342,
            39.608018
          ],
          [
            -80.178977,
            39.607538
          ],
          [
            -80.17839,
            39.60711
          ],
          [
            -80.177991,
            39.606165
          ],
          [
            -80.177888,
            39.605561
          ],
          [
            -80.177711,
            39.605005
          ],
          [
            -80.177674,
            39.604743
          ],
          [
            -80.177593,
            39.604547
          ],
          [
            -80.177434,
            39.604379
          ],
          [
            -80.176607,
            39.603862
          ],
          [
            -80.17606,
            39.60328
          ],
          [
            -80.175331,
            39.602774
          ],
          [
            -80.174191,
            39.602017
          ],
          [
            -80.173435,
            39.601681
          ],
          [
            -80.172972,
            39.601506
          ],
          [
            -80.172802,
            39.601762
          ],
          [
            -80.172195,
            39.602987
          ],
          [
            -80.171468,
            39.604745
          ],
          [
            -80.170766,
            39.606279
          ],
          [
            -80.170294,
            39.60744
          ],
          [
            -80.170385,
            39.608344
          ],
          [
            -80.170755,
            39.60934
          ],
          [
            -80.171085,
            39.610034
          ],
          [
            -80.171443,
            39.610514
          ],
          [
            -80.171834,
            39.611092
          ],
          [
            -80.172573,
            39.612472
          ],
          [
            -80.172544,
            39.612615
          ],
          [
            -80.172424,
            39.612819
          ],
          [
            -80.172306,
            39.612912
          ],
          [
            -80.172121,
            39.613014
          ],
          [
            -80.171972,
            39.613055
          ],
          [
            -80.171764,
            39.613136
          ],
          [
            -80.171592,
            39.613237
          ],
          [
            -80.171477,
            39.613362
          ],
          [
            -80.171308,
            39.613597
          ],
          [
            -80.171084,
            39.614495
          ],
          [
            -80.171069,
            39.614724
          ],
          [
            -80.171082,
            39.614979
          ],
          [
            -80.171438,
            39.617055
          ],
          [
            -80.171642,
            39.61782
          ],
          [
            -80.17171,
            39.61898
          ],
          [
            -80.171578,
            39.61946
          ],
          [
            -80.171072,
            39.620793
          ],
          [
            -80.170686,
            39.621541
          ],
          [
            -80.17016,
            39.622465
          ],
          [
            -80.168631,
            39.62464
          ],
          [
            -80.168395,
            39.624945
          ],
          [
            -80.168223,
            39.625119
          ],
          [
            -80.167542,
            39.625652
          ],
          [
            -80.167403,
            39.625846
          ],
          [
            -80.167242,
            39.626152
          ],
          [
            -80.166963,
            39.627259
          ],
          [
            -80.166775,
            39.627817
          ],
          [
            -80.166292,
            39.628829
          ],
          [
            -80.166072,
            39.629201
          ],
          [
            -80.165085,
            39.630606
          ],
          [
            -80.164929,
            39.630912
          ],
          [
            -80.164838,
            39.631168
          ],
          [
            -80.164833,
            39.631523
          ],
          [
            -80.164785,
            39.632192
          ],
          [
            -80.164742,
            39.63249
          ],
          [
            -80.164618,
            39.632717
          ],
          [
            -80.164264,
            39.633081
          ],
          [
            -80.164227,
            39.633221
          ],
          [
            -80.164275,
            39.633366
          ],
          [
            -80.164361,
            39.633535
          ],
          [
            -80.164554,
            39.633766
          ],
          [
            -80.164624,
            39.634056
          ],
          [
            -80.164645,
            39.634349
          ],
          [
            -80.164608,
            39.634555
          ],
          [
            -80.164318,
            39.634931
          ],
          [
            -80.16369,
            39.635634
          ],
          [
            -80.16347,
            39.635741
          ],
          [
            -80.163213,
            39.635766
          ],
          [
            -80.162934,
            39.63572
          ],
          [
            -80.162596,
            39.635696
          ],
          [
            -80.162263,
            39.635725
          ],
          [
            -80.16192,
            39.635919
          ],
          [
            -80.161684,
            39.636233
          ],
          [
            -80.161335,
            39.637195
          ],
          [
            -80.161153,
            39.637592
          ],
          [
            -80.161024,
            39.638088
          ],
          [
            -80.161121,
            39.638509
          ],
          [
            -80.161223,
            39.639273
          ],
          [
            -80.161217,
            39.639513
          ],
          [
            -80.160922,
            39.639918
          ],
          [
            -80.160882,
            39.640052
          ],
          [
            -80.160979,
            39.640479
          ],
          [
            -80.160957,
            39.640632
          ],
          [
            -80.160877,
            39.64087
          ],
          [
            -80.160904,
            39.641188
          ],
          [
            -80.160941,
            39.641399
          ],
          [
            -80.161137,
            39.64215
          ],
          [
            -80.161158,
            39.642361
          ],
          [
            -80.161148,
            39.642603
          ],
          [
            -80.161314,
            39.643735
          ],
          [
            -80.161309,
            39.64392
          ],
          [
            -80.161282,
            39.644073
          ],
          [
            -80.161185,
            39.644228
          ],
          [
            -80.161075,
            39.644356
          ],
          [
            -80.160579,
            39.64473
          ],
          [
            -80.160531,
            39.644804
          ],
          [
            -80.160511,
            39.644892
          ],
          [
            -80.160538,
            39.645105
          ],
          [
            -80.160742,
            39.645348
          ],
          [
            -80.16181,
            39.646182
          ],
          [
            -80.162143,
            39.64651
          ],
          [
            -80.162604,
            39.647021
          ],
          [
            -80.162931,
            39.647467
          ],
          [
            -80.163465,
            39.648245
          ],
          [
            -80.164567,
            39.649922
          ],
          [
            -80.164624,
            39.650085
          ],
          [
            -80.164739,
            39.650577
          ],
          [
            -80.164809,
            39.651054
          ],
          [
            -80.164747,
            39.651428
          ],
          [
            -80.164618,
            39.651998
          ],
          [
            -80.164589,
            39.652283
          ],
          [
            -80.16461,
            39.652551
          ],
          [
            -80.164688,
            39.652787
          ],
          [
            -80.16482,
            39.653026
          ],
          [
            -80.165396,
            39.65354
          ],
          [
            -80.169315,
            39.656851
          ],
          [
            -80.169667,
            39.657081
          ],
          [
            -80.169886,
            39.657227
          ],
          [
            -80.170519,
            39.657577
          ],
          [
            -80.170812,
            39.65778
          ],
          [
            -80.171013,
            39.657961
          ],
          [
            -80.171284,
            39.658261
          ],
          [
            -80.171856,
            39.658867
          ],
          [
            -80.172173,
            39.65926
          ],
          [
            -80.172717,
            39.660084
          ],
          [
            -80.172801,
            39.660202
          ],
          [
            -80.172857,
            39.660338
          ],
          [
            -80.17289,
            39.660622
          ],
          [
            -80.172872,
            39.660785
          ],
          [
            -80.172512,
            39.661921
          ],
          [
            -80.172414,
            39.662299
          ],
          [
            -80.172392,
            39.662514
          ],
          [
            -80.1724,
            39.662732
          ],
          [
            -80.172471,
            39.663042
          ],
          [
            -80.172881,
            39.663897
          ],
          [
            -80.172952,
            39.664066
          ],
          [
            -80.172998,
            39.664242
          ],
          [
            -80.172996,
            39.664397
          ],
          [
            -80.172952,
            39.664552
          ],
          [
            -80.17289,
            39.664647
          ],
          [
            -80.171337,
            39.666462
          ],
          [
            -80.171049,
            39.666755
          ],
          [
            -80.170734,
            39.667037
          ],
          [
            -80.170189,
            39.667443
          ],
          [
            -80.169985,
            39.667654
          ],
          [
            -80.169363,
            39.668674
          ],
          [
            -80.168938,
            39.669415
          ],
          [
            -80.168619,
            39.669939
          ],
          [
            -80.16816,
            39.670638
          ],
          [
            -80.168052,
            39.670768
          ],
          [
            -80.167479,
            39.671324
          ],
          [
            -80.167264,
            39.671493
          ],
          [
            -80.166948,
            39.671685
          ],
          [
            -80.166299,
            39.671956
          ],
          [
            -80.166038,
            39.672081
          ],
          [
            -80.164486,
            39.673227
          ],
          [
            -80.164368,
            39.673346
          ],
          [
            -80.16411,
            39.673709
          ],
          [
            -80.163686,
            39.674592
          ],
          [
            -80.163513,
            39.67486
          ],
          [
            -80.163301,
            39.675123
          ],
          [
            -80.162781,
            39.675678
          ],
          [
            -80.162513,
            39.675994
          ],
          [
            -80.162376,
            39.676263
          ],
          [
            -80.162316,
            39.676521
          ],
          [
            -80.162275,
            39.676855
          ],
          [
            -80.162188,
            39.677651
          ],
          [
            -80.162129,
            39.677906
          ],
          [
            -80.162036,
            39.678108
          ],
          [
            -80.161872,
            39.678394
          ],
          [
            -80.160746,
            39.679942
          ],
          [
            -80.160631,
            39.680123
          ],
          [
            -80.160343,
            39.680509
          ],
          [
            -80.160234,
            39.68062
          ],
          [
            -80.160103,
            39.680719
          ],
          [
            -80.159907,
            39.680832
          ],
          [
            -80.159478,
            39.681003
          ],
          [
            -80.158842,
            39.681207
          ],
          [
            -80.158122,
            39.681577
          ],
          [
            -80.157857,
            39.681733
          ],
          [
            -80.157631,
            39.681887
          ],
          [
            -80.157497,
            39.682006
          ],
          [
            -80.157344,
            39.682218
          ],
          [
            -80.157234,
            39.682412
          ],
          [
            -80.157032,
            39.682993
          ],
          [
            -80.156829,
            39.683296
          ],
          [
            -80.15668,
            39.683442
          ],
          [
            -80.155498,
            39.684349
          ],
          [
            -80.154868,
            39.684819
          ],
          [
            -80.154523,
            39.685133
          ],
          [
            -80.154088,
            39.685744
          ],
          [
            -80.153952,
            39.685865
          ],
          [
            -80.153787,
            39.685958
          ],
          [
            -80.153622,
            39.686003
          ],
          [
            -80.153272,
            39.686068
          ],
          [
            -80.152787,
            39.686163
          ],
          [
            -80.152533,
            39.686246
          ],
          [
            -80.151991,
            39.686492
          ],
          [
            -80.150805,
            39.686979
          ],
          [
            -80.150236,
            39.687232
          ],
          [
            -80.149256,
            39.687798
          ],
          [
            -80.148782,
            39.688003
          ],
          [
            -80.148495,
            39.688159
          ],
          [
            -80.148424,
            39.688225
          ],
          [
            -80.148377,
            39.6883
          ],
          [
            -80.14833,
            39.688516
          ],
          [
            -80.148258,
            39.690166
          ],
          [
            -80.148404,
            39.690379
          ],
          [
            -80.148702,
            39.69066
          ],
          [
            -80.148904,
            39.690829
          ],
          [
            -80.149213,
            39.691022
          ],
          [
            -80.151868,
            39.692435
          ],
          [
            -80.152217,
            39.692575
          ],
          [
            -80.153118,
            39.692826
          ],
          [
            -80.15339,
            39.692919
          ],
          [
            -80.153656,
            39.693035
          ],
          [
            -80.154446,
            39.693433
          ],
          [
            -80.154644,
            39.693577
          ],
          [
            -80.154799,
            39.693738
          ],
          [
            -80.154903,
            39.693929
          ],
          [
            -80.15495,
            39.694129
          ],
          [
            -80.155081,
            39.695008
          ],
          [
            -80.15513,
            39.695194
          ],
          [
            -80.155203,
            39.695375
          ],
          [
            -80.15611,
            39.696682
          ],
          [
            -80.156354,
            39.696994
          ],
          [
            -80.156463,
            39.697099
          ],
          [
            -80.156622,
            39.697198
          ],
          [
            -80.157137,
            39.697451
          ],
          [
            -80.15749,
            39.697752
          ],
          [
            -80.157603,
            39.697905
          ],
          [
            -80.157722,
            39.69819
          ],
          [
            -80.15781,
            39.698481
          ],
          [
            -80.157865,
            39.698797
          ],
          [
            -80.157871,
            39.699149
          ],
          [
            -80.157838,
            39.69943
          ],
          [
            -80.157644,
            39.701021
          ],
          [
            -80.157651,
            39.701238
          ],
          [
            -80.157707,
            39.701475
          ],
          [
            -80.158316,
            39.70303
          ],
          [
            -80.158383,
            39.703248
          ],
          [
            -80.158447,
            39.703737
          ],
          [
            -80.158451,
            39.703937
          ],
          [
            -80.158421,
            39.704191
          ],
          [
            -80.158366,
            39.704422
          ],
          [
            -80.158307,
            39.704562
          ],
          [
            -80.158184,
            39.704748
          ],
          [
            -80.157806,
            39.705251
          ],
          [
            -80.157633,
            39.705411
          ],
          [
            -80.1575,
            39.705563
          ],
          [
            -80.157357,
            39.705801
          ],
          [
            -80.157267,
            39.705994
          ],
          [
            -80.156899,
            39.706436
          ],
          [
            -80.156832,
            39.706582
          ],
          [
            -80.156591,
            39.707313
          ],
          [
            -80.156518,
            39.707587
          ],
          [
            -80.156375,
            39.708353
          ],
          [
            -80.156362,
            39.708493
          ],
          [
            -80.15642,
            39.709425
          ],
          [
            -80.156404,
            39.709529
          ],
          [
            -80.156333,
            39.709667
          ],
          [
            -80.156158,
            39.709796
          ],
          [
            -80.154675,
            39.7105
          ],
          [
            -80.153948,
            39.709998
          ],
          [
            -80.153216,
            39.709611
          ],
          [
            -80.152443,
            39.709202
          ],
          [
            -80.151777,
            39.708857
          ],
          [
            -80.151069,
            39.708496
          ],
          [
            -80.150944,
            39.708432
          ],
          [
            -80.150177,
            39.708065
          ],
          [
            -80.148674,
            39.707332
          ],
          [
            -80.148304,
            39.707152
          ],
          [
            -80.147733,
            39.706923
          ],
          [
            -80.147471,
            39.706866
          ],
          [
            -80.147187,
            39.706849
          ],
          [
            -80.146971,
            39.706864
          ],
          [
            -80.146801,
            39.706892
          ],
          [
            -80.146472,
            39.706981
          ],
          [
            -80.146057,
            39.707131
          ],
          [
            -80.145815,
            39.707252
          ],
          [
            -80.145629,
            39.70737
          ],
          [
            -80.145421,
            39.707561
          ],
          [
            -80.145182,
            39.707789
          ],
          [
            -80.144826,
            39.708182
          ],
          [
            -80.144633,
            39.708447
          ],
          [
            -80.142691,
            39.711512
          ],
          [
            -80.142201,
            39.712187
          ],
          [
            -80.141875,
            39.712439
          ],
          [
            -80.141637,
            39.71258
          ],
          [
            -80.141359,
            39.712705
          ],
          [
            -80.140916,
            39.712818
          ],
          [
            -80.140471,
            39.712851
          ],
          [
            -80.139971,
            39.712818
          ],
          [
            -80.139535,
            39.712783
          ],
          [
            -80.13783,
            39.712641
          ],
          [
            -80.137659,
            39.712627
          ],
          [
            -80.13712,
            39.712577
          ],
          [
            -80.135623,
            39.712436
          ],
          [
            -80.13509,
            39.712253
          ],
          [
            -80.134583,
            39.7119
          ],
          [
            -80.133946,
            39.71115
          ],
          [
            -80.133639,
            39.710788
          ],
          [
            -80.133312,
            39.710468
          ],
          [
            -80.132913,
            39.7102
          ],
          [
            -80.132122,
            39.709867
          ],
          [
            -80.131925,
            39.70978
          ],
          [
            -80.128832,
            39.708508
          ],
          [
            -80.127419,
            39.70813
          ],
          [
            -80.127129,
            39.708091
          ],
          [
            -80.12696,
            39.708087
          ],
          [
            -80.126622,
            39.708148
          ],
          [
            -80.126376,
            39.708223
          ],
          [
            -80.12604,
            39.708396
          ],
          [
            -80.125812,
            39.708537
          ],
          [
            -80.12552,
            39.708833
          ],
          [
            -80.125244,
            39.70919
          ],
          [
            -80.124713,
            39.710069
          ],
          [
            -80.124334,
            39.710864
          ],
          [
            -80.123261,
            39.713472
          ],
          [
            -80.123109,
            39.713812
          ],
          [
            -80.122958,
            39.714078
          ],
          [
            -80.122752,
            39.714318
          ],
          [
            -80.122486,
            39.714512
          ],
          [
            -80.122172,
            39.714685
          ],
          [
            -80.121813,
            39.714807
          ],
          [
            -80.121521,
            39.714871
          ],
          [
            -80.120904,
            39.714974
          ],
          [
            -80.120442,
            39.714978
          ],
          [
            -80.119917,
            39.714879
          ],
          [
            -80.119683,
            39.714809
          ],
          [
            -80.119472,
            39.714701
          ],
          [
            -80.119273,
            39.714578
          ],
          [
            -80.119061,
            39.714386
          ],
          [
            -80.118876,
            39.714171
          ],
          [
            -80.117928,
            39.712659
          ],
          [
            -80.117313,
            39.712812
          ],
          [
            -80.117131,
            39.712842
          ],
          [
            -80.116585,
            39.712886
          ],
          [
            -80.11606,
            39.712922
          ],
          [
            -80.115754,
            39.712944
          ],
          [
            -80.115288,
            39.713002
          ],
          [
            -80.11471,
            39.713234
          ],
          [
            -80.115086,
            39.713432
          ],
          [
            -80.115151,
            39.713452
          ]
        ]
      },
      "properties": {
        "id_orig": "540610114003021",
        "id_dest": "Mason Dixon Park",
        "duration_min": 31.369,
        "total_population": 33
      }
    },
    {
      "type": "Feature",
      "geometry": {
        "type": "LineString",
        "coordinates": [
          [
            -80.011363,
            39.573479
          ],
          [
            -80.012297,
            39.573381
          ],
          [
            -80.012638,
            39.573323
          ],
          [
            -80.012844,
            39.573269
          ],
          [
            -80.013129,
            39.573145
          ],
          [
            -80.013206,
            39.573083
          ],
          [
            -80.013346,
            39.572971
          ],
          [
            -80.014982,
            39.571328
          ],
          [
            -80.015076,
            39.571189
          ],
          [
            -80.01514,
            39.571051
          ],
          [
            -80.015189,
            39.570716
          ],
          [
            -80.015229,
            39.570218
          ],
          [
            -80.015319,
            39.570008
          ],
          [
            -80.015529,
            39.569714
          ],
          [
            -80.015663,
            39.569469
          ],
          [
            -80.015863,
            39.569246
          ],
          [
            -80.016118,
            39.569066
          ],
          [
            -80.016286,
            39.568974
          ],
          [
            -80.016396,
            39.56894
          ],
          [
            -80.016618,
            39.568944
          ],
          [
            -80.016963,
            39.569048
          ],
          [
            -80.017227,
            39.5691
          ],
          [
            -80.017318,
            39.569176
          ],
          [
            -80.017411,
            39.569295
          ],
          [
            -80.017645,
            39.569775
          ],
          [
            -80.017792,
            39.569973
          ],
          [
            -80.01884,
            39.571167
          ],
          [
            -80.019004,
            39.571419
          ],
          [
            -80.019065,
            39.571609
          ],
          [
            -80.018983,
            39.572018
          ],
          [
            -80.018847,
            39.572304
          ],
          [
            -80.018558,
            39.572621
          ],
          [
            -80.018418,
            39.572868
          ],
          [
            -80.018565,
            39.573276
          ],
          [
            -80.018595,
            39.573444
          ],
          [
            -80.018516,
            39.573681
          ],
          [
            -80.017766,
            39.574837
          ],
          [
            -80.01758,
            39.575305
          ],
          [
            -80.017598,
            39.575413
          ],
          [
            -80.017792,
            39.575623
          ],
          [
            -80.017963,
            39.575762
          ],
          [
            -80.018054,
            39.575808
          ],
          [
            -80.018308,
            39.575873
          ],
          [
            -80.018614,
            39.575906
          ],
          [
            -80.018749,
            39.575988
          ],
          [
            -80.018822,
            39.576095
          ],
          [
            -80.018815,
            39.576224
          ],
          [
            -80.018754,
            39.576559
          ],
          [
            -80.018635,
            39.577009
          ],
          [
            -80.018493,
            39.577345
          ],
          [
            -80.018455,
            39.577561
          ],
          [
            -80.018427,
            39.577963
          ],
          [
            -80.018345,
            39.578348
          ],
          [
            -80.018376,
            39.578431
          ],
          [
            -80.018451,
            39.578504
          ],
          [
            -80.018537,
            39.578548
          ],
          [
            -80.019256,
            39.578684
          ],
          [
            -80.019578,
            39.578765
          ],
          [
            -80.019866,
            39.578911
          ],
          [
            -80.020073,
            39.579053
          ],
          [
            -80.020192,
            39.579145
          ],
          [
            -80.020662,
            39.579599
          ],
          [
            -80.020797,
            39.579658
          ],
          [
            -80.021484,
            39.579791
          ],
          [
            -80.021596,
            39.579829
          ],
          [
            -80.02167,
            39.579901
          ],
          [
            -80.021701,
            39.580034
          ],
          [
            -80.021659,
            39.580207
          ],
          [
            -80.021537,
            39.580378
          ],
          [
            -80.020708,
            39.581109
          ],
          [
            -80.020246,
            39.581407
          ],
          [
            -80.019639,
            39.581906
          ],
          [
            -80.019394,
            39.58214
          ],
          [
            -80.019322,
            39.582248
          ],
          [
            -80.019289,
            39.582356
          ],
          [
            -80.019284,
            39.582579
          ],
          [
            -80.019324,
            39.582836
          ],
          [
            -80.019382,
            39.582941
          ],
          [
            -80.019469,
            39.583023
          ],
          [
            -80.019597,
            39.583099
          ],
          [
            -80.019767,
            39.583158
          ],
          [
            -80.020891,
            39.583315
          ],
          [
            -80.021052,
            39.583353
          ],
          [
            -80.021909,
            39.583745
          ],
          [
            -80.022599,
            39.583988
          ],
          [
            -80.02331,
            39.584216
          ],
          [
            -80.023536,
            39.58427
          ],
          [
            -80.023784,
            39.584297
          ],
          [
            -80.02473,
            39.584319
          ],
          [
            -80.025039,
            39.584419
          ],
          [
            -80.025047,
            39.584576
          ],
          [
            -80.02495,
            39.584911
          ],
          [
            -80.024795,
            39.585246
          ],
          [
            -80.024353,
            39.586346
          ],
          [
            -80.023973,
            39.587501
          ],
          [
            -80.023905,
            39.587812
          ],
          [
            -80.023886,
            39.588149
          ],
          [
            -80.023884,
            39.588973
          ],
          [
            -80.024012,
            39.589216
          ],
          [
            -80.024289,
            39.589432
          ],
          [
            -80.024736,
            39.589702
          ],
          [
            -80.025344,
            39.590005
          ],
          [
            -80.025933,
            39.590353
          ],
          [
            -80.026013,
            39.590421
          ],
          [
            -80.026092,
            39.590505
          ],
          [
            -80.02662,
            39.591581
          ],
          [
            -80.027017,
            39.592175
          ],
          [
            -80.027055,
            39.592294
          ],
          [
            -80.027035,
            39.592538
          ],
          [
            -80.026966,
            39.592744
          ],
          [
            -80.026448,
            39.59405
          ],
          [
            -80.026367,
            39.594189
          ],
          [
            -80.026094,
            39.594409
          ],
          [
            -80.024866,
            39.595486
          ],
          [
            -80.024661,
            39.595638
          ],
          [
            -80.024152,
            39.59605
          ],
          [
            -80.02386,
            39.596246
          ],
          [
            -80.023601,
            39.596498
          ],
          [
            -80.023456,
            39.596585
          ],
          [
            -80.02323,
            39.596709
          ],
          [
            -80.023033,
            39.596826
          ],
          [
            -80.022805,
            39.596978
          ],
          [
            -80.022002,
            39.597712
          ],
          [
            -80.02185,
            39.597808
          ],
          [
            -80.021739,
            39.59786
          ],
          [
            -80.021593,
            39.5979
          ],
          [
            -80.021317,
            39.597941
          ],
          [
            -80.021534,
            39.598715
          ],
          [
            -80.021657,
            39.599028
          ],
          [
            -80.021845,
            39.599295
          ],
          [
            -80.022041,
            39.599514
          ],
          [
            -80.022294,
            39.599797
          ],
          [
            -80.022658,
            39.600083
          ],
          [
            -80.02284,
            39.600226
          ],
          [
            -80.023058,
            39.600477
          ],
          [
            -80.023198,
            39.600598
          ],
          [
            -80.023449,
            39.60072
          ],
          [
            -80.023982,
            39.60078
          ],
          [
            -80.024151,
            39.600862
          ],
          [
            -80.024955,
            39.60132
          ],
          [
            -80.025394,
            39.601537
          ],
          [
            -80.025777,
            39.601686
          ],
          [
            -80.026084,
            39.601753
          ],
          [
            -80.026313,
            39.601787
          ],
          [
            -80.026809,
            39.601806
          ],
          [
            -80.027264,
            39.601915
          ],
          [
            -80.02756,
            39.601998
          ],
          [
            -80.02831,
            39.602331
          ],
          [
            -80.028783,
            39.602581
          ],
          [
            -80.028948,
            39.60273
          ],
          [
            -80.029137,
            39.602948
          ],
          [
            -80.029316,
            39.603039
          ],
          [
            -80.029487,
            39.603038
          ],
          [
            -80.029863,
            39.602914
          ],
          [
            -80.030157,
            39.602859
          ],
          [
            -80.030506,
            39.602836
          ],
          [
            -80.030826,
            39.602843
          ],
          [
            -80.031061,
            39.602865
          ],
          [
            -80.031492,
            39.602984
          ],
          [
            -80.032409,
            39.603399
          ],
          [
            -80.032625,
            39.603519
          ],
          [
            -80.033267,
            39.603876
          ],
          [
            -80.033651,
            39.604167
          ],
          [
            -80.033847,
            39.604345
          ],
          [
            -80.033898,
            39.60444
          ],
          [
            -80.033938,
            39.604683
          ],
          [
            -80.033922,
            39.604781
          ],
          [
            -80.033841,
            39.605213
          ],
          [
            -80.033835,
            39.605237
          ],
          [
            -80.033913,
            39.605378
          ],
          [
            -80.034974,
            39.606529
          ],
          [
            -80.035016,
            39.606587
          ],
          [
            -80.035404,
            39.607087
          ],
          [
            -80.035523,
            39.607242
          ],
          [
            -80.035764,
            39.607581
          ],
          [
            -80.036001,
            39.60813
          ],
          [
            -80.036104,
            39.608402
          ],
          [
            -80.036221,
            39.608984
          ],
          [
            -80.036274,
            39.609476
          ],
          [
            -80.036189,
            39.6098
          ],
          [
            -80.036073,
            39.610067
          ],
          [
            -80.036001,
            39.610163
          ],
          [
            -80.035573,
            39.61052
          ],
          [
            -80.035556,
            39.610623
          ],
          [
            -80.035575,
            39.610863
          ],
          [
            -80.035635,
            39.611123
          ],
          [
            -80.035864,
            39.61163
          ],
          [
            -80.035936,
            39.611934
          ],
          [
            -80.03605,
            39.612146
          ],
          [
            -80.036122,
            39.612386
          ],
          [
            -80.036116,
            39.612577
          ],
          [
            -80.036117,
            39.612703
          ],
          [
            -80.036004,
            39.612853
          ],
          [
            -80.035714,
            39.613549
          ],
          [
            -80.035665,
            39.613763
          ],
          [
            -80.035542,
            39.614089
          ],
          [
            -80.035426,
            39.614268
          ],
          [
            -80.035393,
            39.614367
          ],
          [
            -80.035389,
            39.614545
          ],
          [
            -80.035138,
            39.615369
          ],
          [
            -80.035073,
            39.615776
          ],
          [
            -80.035098,
            39.616089
          ],
          [
            -80.035141,
            39.616456
          ],
          [
            -80.03515,
            39.617062
          ],
          [
            -80.0352,
            39.617538
          ],
          [
            -80.034972,
            39.617593
          ],
          [
            -80.033779,
            39.617976
          ],
          [
            -80.032624,
            39.618355
          ],
          [
            -80.030932,
            39.619169
          ],
          [
            -80.030729,
            39.619478
          ],
          [
            -80.0307,
            39.61958
          ],
          [
            -80.030634,
            39.619817
          ],
          [
            -80.030615,
            39.619955
          ],
          [
            -80.03064,
            39.620096
          ],
          [
            -80.030697,
            39.620207
          ],
          [
            -80.031185,
            39.620863
          ],
          [
            -80.031581,
            39.621325
          ],
          [
            -80.032108,
            39.621787
          ],
          [
            -80.032685,
            39.622227
          ],
          [
            -80.032913,
            39.622429
          ],
          [
            -80.033647,
            39.623232
          ],
          [
            -80.033752,
            39.623324
          ],
          [
            -80.033944,
            39.62344
          ],
          [
            -80.034166,
            39.623543
          ],
          [
            -80.034602,
            39.623696
          ],
          [
            -80.033813,
            39.624444
          ],
          [
            -80.033665,
            39.624626
          ],
          [
            -80.033541,
            39.62482
          ],
          [
            -80.033453,
            39.625048
          ],
          [
            -80.033359,
            39.625386
          ],
          [
            -80.032779,
            39.628735
          ],
          [
            -80.032779,
            39.629108
          ],
          [
            -80.032803,
            39.629363
          ],
          [
            -80.032995,
            39.630451
          ],
          [
            -80.033006,
            39.630884
          ],
          [
            -80.032986,
            39.63114
          ],
          [
            -80.03295,
            39.631296
          ],
          [
            -80.032855,
            39.631589
          ],
          [
            -80.032793,
            39.631719
          ],
          [
            -80.03255,
            39.632083
          ],
          [
            -80.032118,
            39.632573
          ],
          [
            -80.031714,
            39.632981
          ],
          [
            -80.031549,
            39.633115
          ],
          [
            -80.031328,
            39.633249
          ],
          [
            -80.031152,
            39.633313
          ],
          [
            -80.031005,
            39.633339
          ],
          [
            -80.030848,
            39.633345
          ],
          [
            -80.030334,
            39.633334
          ],
          [
            -80.030082,
            39.63335
          ],
          [
            -80.029745,
            39.633451
          ],
          [
            -80.029611,
            39.633522
          ],
          [
            -80.029485,
            39.633614
          ],
          [
            -80.029372,
            39.633743
          ],
          [
            -80.029276,
            39.633943
          ],
          [
            -80.029254,
            39.634092
          ],
          [
            -80.029267,
            39.634246
          ],
          [
            -80.029303,
            39.634381
          ],
          [
            -80.029612,
            39.635268
          ],
          [
            -80.029686,
            39.635658
          ],
          [
            -80.029688,
            39.635965
          ],
          [
            -80.029619,
            39.636396
          ],
          [
            -80.029442,
            39.637502
          ],
          [
            -80.029432,
            39.637653
          ],
          [
            -80.029009,
            39.639714
          ],
          [
            -80.028842,
            39.640605
          ],
          [
            -80.028828,
            39.640982
          ],
          [
            -80.028957,
            39.641663
          ],
          [
            -80.029253,
            39.641628
          ],
          [
            -80.029768,
            39.641637
          ],
          [
            -80.029763,
            39.641826
          ],
          [
            -80.029782,
            39.64189
          ],
          [
            -80.029822,
            39.641931
          ],
          [
            -80.02998,
            39.642063
          ],
          [
            -80.030074,
            39.6421
          ],
          [
            -80.030168,
            39.642111
          ],
          [
            -80.030206,
            39.642103
          ]
        ]
      },
      "properties": {
        "id_orig": "540610113002023",
        "id_dest": "Mylan Park Elementary School",
        "duration_min": 35.9215,
        "total_population": 31
      }
    },
    {
      "type": "Feature",
      "geometry": {
        "type": "LineString",
        "coordinates": [
          [
            -80.017284,
            39.566164
          ],
          [
            -80.017119,
            39.566293
          ],
          [
            -80.016519,
            39.566679
          ],
          [
            -80.016066,
            39.566937
          ],
          [
            -80.014969,
            39.567713
          ],
          [
            -80.014733,
            39.568022
          ],
          [
            -80.014668,
            39.568357
          ],
          [
            -80.014675,
            39.56938
          ],
          [
            -80.014571,
            39.569802
          ],
          [
            -80.014559,
            39.569999
          ],
          [
            -80.014859,
            39.570105
          ],
          [
            -80.014997,
            39.57011
          ],
          [
            -80.01513,
            39.570087
          ],
          [
            -80.015319,
            39.570008
          ],
          [
            -80.015529,
            39.569714
          ],
          [
            -80.015663,
            39.569469
          ],
          [
            -80.015863,
            39.569246
          ],
          [
            -80.016118,
            39.569066
          ],
          [
            -80.016286,
            39.568974
          ],
          [
            -80.016396,
            39.56894
          ],
          [
            -80.016618,
            39.568944
          ],
          [
            -80.016963,
            39.569048
          ],
          [
            -80.017227,
            39.5691
          ],
          [
            -80.017318,
            39.569176
          ],
          [
            -80.017411,
            39.569295
          ],
          [
            -80.017645,
            39.569775
          ],
          [
            -80.017792,
            39.569973
          ],
          [
            -80.01884,
            39.571167
          ],
          [
            -80.019004,
            39.571419
          ],
          [
            -80.019065,
            39.571609
          ],
          [
            -80.018983,
            39.572018
          ],
          [
            -80.018847,
            39.572304
          ],
          [
            -80.018558,
            39.572621
          ],
          [
            -80.018418,
            39.572868
          ],
          [
            -80.018565,
            39.573276
          ],
          [
            -80.018595,
            39.573444
          ],
          [
            -80.018516,
            39.573681
          ],
          [
            -80.017766,
            39.574837
          ],
          [
            -80.01758,
            39.575305
          ],
          [
            -80.017598,
            39.575413
          ],
          [
            -80.017792,
            39.575623
          ],
          [
            -80.017963,
            39.575762
          ],
          [
            -80.018054,
            39.575808
          ],
          [
            -80.018308,
            39.575873
          ],
          [
            -80.018614,
            39.575906
          ],
          [
            -80.018749,
            39.575988
          ],
          [
            -80.018822,
            39.576095
          ],
          [
            -80.018815,
            39.576224
          ],
          [
            -80.018754,
            39.576559
          ],
          [
            -80.018635,
            39.577009
          ],
          [
            -80.018493,
            39.577345
          ],
          [
            -80.018455,
            39.577561
          ],
          [
            -80.018427,
            39.577963
          ],
          [
            -80.018345,
            39.578348
          ],
          [
            -80.018376,
            39.578431
          ],
          [
            -80.018451,
            39.578504
          ],
          [
            -80.018537,
            39.578548
          ],
          [
            -80.019256,
            39.578684
          ],
          [
            -80.019578,
            39.578765
          ],
          [
            -80.019866,
            39.578911
          ],
          [
            -80.020073,
            39.579053
          ],
          [
            -80.020192,
            39.579145
          ],
          [
            -80.020662,
            39.579599
          ],
          [
            -80.020797,
            39.579658
          ],
          [
            -80.021484,
            39.579791
          ],
          [
            -80.021596,
            39.579829
          ],
          [
            -80.02167,
            39.579901
          ],
          [
            -80.021701,
            39.580034
          ],
          [
            -80.021659,
            39.580207
          ],
          [
            -80.021537,
            39.580378
          ],
          [
            -80.020708,
            39.581109
          ],
          [
            -80.020246,
            39.581407
          ],
          [
            -80.019639,
            39.581906
          ],
          [
            -80.019394,
            39.58214
          ],
          [
            -80.019322,
            39.582248
          ],
          [
            -80.019289,
            39.582356
          ],
          [
            -80.019284,
            39.582579
          ],
          [
            -80.019324,
            39.582836
          ],
          [
            -80.019382,
            39.582941
          ],
          [
            -80.019469,
            39.583023
          ],
          [
            -80.019597,
            39.583099
          ],
          [
            -80.019767,
            39.583158
          ],
          [
            -80.020891,
            39.583315
          ],
          [
            -80.021052,
            39.583353
          ],
          [
            -80.021909,
            39.583745
          ],
          [
            -80.022599,
            39.583988
          ],
          [
            -80.02331,
            39.584216
          ],
          [
            -80.023536,
            39.58427
          ],
          [
            -80.023784,
            39.584297
          ],
          [
            -80.02473,
            39.584319
          ],
          [
            -80.025039,
            39.584419
          ],
          [
            -80.025047,
            39.584576
          ],
          [
            -80.02495,
            39.584911
          ],
          [
            -80.024795,
            39.585246
          ],
          [
            -80.024353,
            39.586346
          ],
          [
            -80.023973,
            39.587501
          ],
          [
            -80.023905,
            39.587812
          ],
          [
            -80.023886,
            39.588149
          ],
          [
            -80.023884,
            39.588973
          ],
          [
            -80.024012,
            39.589216
          ],
          [
            -80.024289,
            39.589432
          ],
          [
            -80.024736,
            39.589702
          ],
          [
            -80.025344,
            39.590005
          ],
          [
            -80.025933,
            39.590353
          ],
          [
            -80.026013,
            39.590421
          ],
          [
            -80.026092,
            39.590505
          ],
          [
            -80.02662,
            39.591581
          ],
          [
            -80.027017,
            39.592175
          ],
          [
            -80.027055,
            39.592294
          ],
          [
            -80.027035,
            39.592538
          ],
          [
            -80.026966,
            39.592744
          ],
          [
            -80.026448,
            39.59405
          ],
          [
            -80.026367,
            39.594189
          ],
          [
            -80.026094,
            39.594409
          ],
          [
            -80.024866,
            39.595486
          ],
          [
            -80.024661,
            39.595638
          ],
          [
            -80.024152,
            39.59605
          ],
          [
            -80.02386,
            39.596246
          ],
          [
            -80.023601,
            39.596498
          ],
          [
            -80.023456,
            39.596585
          ],
          [
            -80.02323,
            39.596709
          ],
          [
            -80.023033,
            39.596826
          ],
          [
            -80.022805,
            39.596978
          ],
          [
            -80.022002,
            39.597712
          ],
          [
            -80.02185,
            39.597808
          ],
          [
            -80.021739,
            39.59786
          ],
          [
            -80.021593,
            39.5979
          ],
          [
            -80.021317,
            39.597941
          ],
          [
            -80.021534,
            39.598715
          ],
          [
            -80.021657,
            39.599028
          ],
          [
            -80.021845,
            39.599295
          ],
          [
            -80.022041,
            39.599514
          ],
          [
            -80.022294,
            39.599797
          ],
          [
            -80.022658,
            39.600083
          ],
          [
            -80.02284,
            39.600226
          ],
          [
            -80.023058,
            39.600477
          ],
          [
            -80.023198,
            39.600598
          ],
          [
            -80.023449,
            39.60072
          ],
          [
            -80.023982,
            39.60078
          ],
          [
            -80.024151,
            39.600862
          ],
          [
            -80.024955,
            39.60132
          ],
          [
            -80.025394,
            39.601537
          ],
          [
            -80.025777,
            39.601686
          ],
          [
            -80.026084,
            39.601753
          ],
          [
            -80.026313,
            39.601787
          ],
          [
            -80.026809,
            39.601806
          ],
          [
            -80.027264,
            39.601915
          ],
          [
            -80.02756,
            39.601998
          ],
          [
            -80.02831,
            39.602331
          ],
          [
            -80.028783,
            39.602581
          ],
          [
            -80.028948,
            39.60273
          ],
          [
            -80.029137,
            39.602948
          ],
          [
            -80.029316,
            39.603039
          ],
          [
            -80.029487,
            39.603038
          ],
          [
            -80.029863,
            39.602914
          ],
          [
            -80.030157,
            39.602859
          ],
          [
            -80.030506,
            39.602836
          ],
          [
            -80.030826,
            39.602843
          ],
          [
            -80.031061,
            39.602865
          ],
          [
            -80.031492,
            39.602984
          ],
          [
            -80.032409,
            39.603399
          ],
          [
            -80.032625,
            39.603519
          ],
          [
            -80.033267,
            39.603876
          ],
          [
            -80.033651,
            39.604167
          ],
          [
            -80.033847,
            39.604345
          ],
          [
            -80.033898,
            39.60444
          ],
          [
            -80.033938,
            39.604683
          ],
          [
            -80.033922,
            39.604781
          ],
          [
            -80.033841,
            39.605213
          ],
          [
            -80.033835,
            39.605237
          ],
          [
            -80.033913,
            39.605378
          ],
          [
            -80.034974,
            39.606529
          ],
          [
            -80.035016,
            39.606587
          ],
          [
            -80.035404,
            39.607087
          ],
          [
            -80.035523,
            39.607242
          ],
          [
            -80.035764,
            39.607581
          ],
          [
            -80.036001,
            39.60813
          ],
          [
            -80.036104,
            39.608402
          ],
          [
            -80.036221,
            39.608984
          ],
          [
            -80.036274,
            39.609476
          ],
          [
            -80.036189,
            39.6098
          ],
          [
            -80.036073,
            39.610067
          ],
          [
            -80.036001,
            39.610163
          ],
          [
            -80.035573,
            39.61052
          ],
          [
            -80.035556,
            39.610623
          ],
          [
            -80.035575,
            39.610863
          ],
          [
            -80.035635,
            39.611123
          ],
          [
            -80.035864,
            39.61163
          ],
          [
            -80.035936,
            39.611934
          ],
          [
            -80.03605,
            39.612146
          ],
          [
            -80.036122,
            39.612386
          ],
          [
            -80.036116,
            39.612577
          ],
          [
            -80.036117,
            39.612703
          ],
          [
            -80.036004,
            39.612853
          ],
          [
            -80.035714,
            39.613549
          ],
          [
            -80.035665,
            39.613763
          ],
          [
            -80.035542,
            39.614089
          ],
          [
            -80.035426,
            39.614268
          ],
          [
            -80.035393,
            39.614367
          ],
          [
            -80.035389,
            39.614545
          ],
          [
            -80.035138,
            39.615369
          ],
          [
            -80.035073,
            39.615776
          ],
          [
            -80.035098,
            39.616089
          ],
          [
            -80.035141,
            39.616456
          ],
          [
            -80.03515,
            39.617062
          ],
          [
            -80.0352,
            39.617538
          ],
          [
            -80.034972,
            39.617593
          ],
          [
            -80.033779,
            39.617976
          ],
          [
            -80.032624,
            39.618355
          ],
          [
            -80.030932,
            39.619169
          ],
          [
            -80.030729,
            39.619478
          ],
          [
            -80.0307,
            39.61958
          ],
          [
            -80.030634,
            39.619817
          ],
          [
            -80.030615,
            39.619955
          ],
          [
            -80.03064,
            39.620096
          ],
          [
            -80.030697,
            39.620207
          ],
          [
            -80.031185,
            39.620863
          ],
          [
            -80.031581,
            39.621325
          ],
          [
            -80.032108,
            39.621787
          ],
          [
            -80.032685,
            39.622227
          ],
          [
            -80.032913,
            39.622429
          ],
          [
            -80.033647,
            39.623232
          ],
          [
            -80.033752,
            39.623324
          ],
          [
            -80.033944,
            39.62344
          ],
          [
            -80.034166,
            39.623543
          ],
          [
            -80.034602,
            39.623696
          ],
          [
            -80.033813,
            39.624444
          ],
          [
            -80.033665,
            39.624626
          ],
          [
            -80.033541,
            39.62482
          ],
          [
            -80.033453,
            39.625048
          ],
          [
            -80.033359,
            39.625386
          ],
          [
            -80.032779,
            39.628735
          ],
          [
            -80.032779,
            39.629108
          ],
          [
            -80.032803,
            39.629363
          ],
          [
            -80.032995,
            39.630451
          ],
          [
            -80.033006,
            39.630884
          ],
          [
            -80.032986,
            39.63114
          ],
          [
            -80.03295,
            39.631296
          ],
          [
            -80.032855,
            39.631589
          ],
          [
            -80.032793,
            39.631719
          ],
          [
            -80.03255,
            39.632083
          ],
          [
            -80.032118,
            39.632573
          ],
          [
            -80.031714,
            39.632981
          ],
          [
            -80.031549,
            39.633115
          ],
          [
            -80.031328,
            39.633249
          ],
          [
            -80.031152,
            39.633313
          ],
          [
            -80.031005,
            39.633339
          ],
          [
            -80.030848,
            39.633345
          ],
          [
            -80.030334,
            39.633334
          ],
          [
            -80.030082,
            39.63335
          ],
          [
            -80.029745,
            39.633451
          ],
          [
            -80.029611,
            39.633522
          ],
          [
            -80.029485,
            39.633614
          ],
          [
            -80.029372,
            39.633743
          ],
          [
            -80.029276,
            39.633943
          ],
          [
            -80.029254,
            39.634092
          ],
          [
            -80.029267,
            39.634246
          ],
          [
            -80.029303,
            39.634381
          ],
          [
            -80.029612,
            39.635268
          ],
          [
            -80.029686,
            39.635658
          ],
          [
            -80.029688,
            39.635965
          ],
          [
            -80.029619,
            39.636396
          ],
          [
            -80.029442,
            39.637502
          ],
          [
            -80.029432,
            39.637653
          ],
          [
            -80.029009,
            39.639714
          ],
          [
            -80.028842,
            39.640605
          ],
          [
            -80.028828,
            39.640982
          ],
          [
            -80.028957,
            39.641663
          ],
          [
            -80.029253,
            39.641628
          ],
          [
            -80.029768,
            39.641637
          ],
          [
            -80.029763,
            39.641826
          ],
          [
            -80.029782,
            39.64189
          ],
          [
            -80.029822,
            39.641931
          ],
          [
            -80.02998,
            39.642063
          ],
          [
            -80.030074,
            39.6421
          ],
          [
            -80.030168,
            39.642111
          ],
          [
            -80.030206,
            39.642103
          ]
        ]
      },
      "properties": {
        "id_orig": "540610113002019",
        "id_dest": "Mylan Park Elementary School",
        "duration_min": 36.0343333333333,
        "total_population": 3
      }
    },
    {
      "type": "Feature",
      "geometry": {
        "type": "LineString",
        "coordinates": [
          [
            -80.193211,
            39.65989
          ],
          [
            -80.19349,
            39.659572
          ],
          [
            -80.193474,
            39.659353
          ],
          [
            -80.193517,
            39.659271
          ],
          [
            -80.19364,
            39.659209
          ],
          [
            -80.193983,
            39.659184
          ],
          [
            -80.194085,
            39.659134
          ],
          [
            -80.194176,
            39.659023
          ],
          [
            -80.194284,
            39.658924
          ],
          [
            -80.194461,
            39.658796
          ],
          [
            -80.1946,
            39.658647
          ],
          [
            -80.194992,
            39.658065
          ],
          [
            -80.195239,
            39.657883
          ],
          [
            -80.19541,
            39.657788
          ],
          [
            -80.195576,
            39.657718
          ],
          [
            -80.196558,
            39.657491
          ],
          [
            -80.196724,
            39.657437
          ],
          [
            -80.197046,
            39.657297
          ],
          [
            -80.198296,
            39.656681
          ],
          [
            -80.198436,
            39.656574
          ],
          [
            -80.198618,
            39.656359
          ],
          [
            -80.198886,
            39.655905
          ],
          [
            -80.198919,
            39.65581
          ],
          [
            -80.198929,
            39.655669
          ],
          [
            -80.19886,
            39.655223
          ],
          [
            -80.198757,
            39.65479
          ],
          [
            -80.198505,
            39.654092
          ],
          [
            -80.198457,
            39.653745
          ],
          [
            -80.198452,
            39.653315
          ],
          [
            -80.1985,
            39.653067
          ],
          [
            -80.198656,
            39.652725
          ],
          [
            -80.199171,
            39.652047
          ],
          [
            -80.199299,
            39.651956
          ],
          [
            -80.199289,
            39.651789
          ],
          [
            -80.199707,
            39.650906
          ],
          [
            -80.199755,
            39.650505
          ],
          [
            -80.199734,
            39.650414
          ],
          [
            -80.199605,
            39.650109
          ],
          [
            -80.199562,
            39.649927
          ],
          [
            -80.199573,
            39.649832
          ],
          [
            -80.199847,
            39.649242
          ],
          [
            -80.200179,
            39.648759
          ],
          [
            -80.200621,
            39.648179
          ],
          [
            -80.200659,
            39.647998
          ],
          [
            -80.200637,
            39.647593
          ],
          [
            -80.200643,
            39.647056
          ],
          [
            -80.200664,
            39.646795
          ],
          [
            -80.200654,
            39.646205
          ],
          [
            -80.200552,
            39.645387
          ],
          [
            -80.200535,
            39.645098
          ],
          [
            -80.200557,
            39.644936
          ],
          [
            -80.20068,
            39.64456
          ],
          [
            -80.200702,
            39.644412
          ],
          [
            -80.200573,
            39.644077
          ],
          [
            -80.200573,
            39.644007
          ],
          [
            -80.200632,
            39.643916
          ],
          [
            -80.200836,
            39.643833
          ],
          [
            -80.201287,
            39.643771
          ],
          [
            -80.201555,
            39.643788
          ],
          [
            -80.201689,
            39.643775
          ],
          [
            -80.202064,
            39.643676
          ],
          [
            -80.202826,
            39.64335
          ],
          [
            -80.203894,
            39.642838
          ],
          [
            -80.204092,
            39.642685
          ],
          [
            -80.20458,
            39.6424
          ],
          [
            -80.204634,
            39.642346
          ],
          [
            -80.205149,
            39.642115
          ],
          [
            -80.205499,
            39.641462
          ],
          [
            -80.205493,
            39.640942
          ],
          [
            -80.20544,
            39.640711
          ],
          [
            -80.205391,
            39.640591
          ],
          [
            -80.205097,
            39.640149
          ],
          [
            -80.205027,
            39.640017
          ],
          [
            -80.204928,
            39.639538
          ],
          [
            -80.204456,
            39.63662
          ],
          [
            -80.204521,
            39.63641
          ],
          [
            -80.20474,
            39.636166
          ],
          [
            -80.204891,
            39.636046
          ],
          [
            -80.205127,
            39.635906
          ],
          [
            -80.205416,
            39.635769
          ],
          [
            -80.205937,
            39.635488
          ],
          [
            -80.206162,
            39.635356
          ],
          [
            -80.206451,
            39.635154
          ],
          [
            -80.20665,
            39.634984
          ],
          [
            -80.207192,
            39.634447
          ],
          [
            -80.20739,
            39.634278
          ],
          [
            -80.207583,
            39.634038
          ],
          [
            -80.207706,
            39.633852
          ],
          [
            -80.207926,
            39.633385
          ],
          [
            -80.208227,
            39.63284
          ],
          [
            -80.20835,
            39.632468
          ],
          [
            -80.208479,
            39.632228
          ],
          [
            -80.208607,
            39.632071
          ],
          [
            -80.208811,
            39.631902
          ],
          [
            -80.209149,
            39.631579
          ],
          [
            -80.209294,
            39.63148
          ],
          [
            -80.209455,
            39.631414
          ],
          [
            -80.210308,
            39.63117
          ],
          [
            -80.210892,
            39.631055
          ],
          [
            -80.211343,
            39.630906
          ],
          [
            -80.211761,
            39.630741
          ],
          [
            -80.212206,
            39.63053
          ],
          [
            -80.212383,
            39.630377
          ],
          [
            -80.212829,
            39.629906
          ],
          [
            -80.212979,
            39.62979
          ],
          [
            -80.213108,
            39.62972
          ],
          [
            -80.213606,
            39.629542
          ],
          [
            -80.213767,
            39.629402
          ],
          [
            -80.214038,
            39.62872
          ],
          [
            -80.21399,
            39.628635
          ],
          [
            -80.213932,
            39.62845
          ],
          [
            -80.213848,
            39.628069
          ],
          [
            -80.213784,
            39.62796
          ],
          [
            -80.213681,
            39.627919
          ],
          [
            -80.213552,
            39.627907
          ],
          [
            -80.213449,
            39.627941
          ],
          [
            -80.212938,
            39.628175
          ],
          [
            -80.212341,
            39.628351
          ],
          [
            -80.212249,
            39.628422
          ],
          [
            -80.212191,
            39.628499
          ],
          [
            -80.211873,
            39.629113
          ],
          [
            -80.211646,
            39.629451
          ],
          [
            -80.211329,
            39.629738
          ],
          [
            -80.211123,
            39.629842
          ],
          [
            -80.21091,
            39.629897
          ],
          [
            -80.210682,
            39.629921
          ],
          [
            -80.210439,
            39.629909
          ],
          [
            -80.210075,
            39.62984
          ],
          [
            -80.209902,
            39.629781
          ],
          [
            -80.209746,
            39.629705
          ],
          [
            -80.209346,
            39.62946
          ],
          [
            -80.208907,
            39.629272
          ],
          [
            -80.20876,
            39.629222
          ],
          [
            -80.208591,
            39.629204
          ],
          [
            -80.208375,
            39.629213
          ],
          [
            -80.207918,
            39.629299
          ],
          [
            -80.207711,
            39.629391
          ],
          [
            -80.207384,
            39.629478
          ],
          [
            -80.206482,
            39.62949
          ],
          [
            -80.206262,
            39.629524
          ],
          [
            -80.205479,
            39.629693
          ],
          [
            -80.204738,
            39.629888
          ],
          [
            -80.204425,
            39.630008
          ],
          [
            -80.20387,
            39.630255
          ],
          [
            -80.203454,
            39.630464
          ],
          [
            -80.203164,
            39.630682
          ],
          [
            -80.202894,
            39.630984
          ],
          [
            -80.20265,
            39.631294
          ],
          [
            -80.202464,
            39.631483
          ],
          [
            -80.202243,
            39.631668
          ],
          [
            -80.201833,
            39.631887
          ],
          [
            -80.199535,
            39.632819
          ],
          [
            -80.198972,
            39.633111
          ],
          [
            -80.197049,
            39.634251
          ],
          [
            -80.19588,
            39.634915
          ],
          [
            -80.195166,
            39.635396
          ],
          [
            -80.194722,
            39.635542
          ],
          [
            -80.194123,
            39.635635
          ],
          [
            -80.193572,
            39.635674
          ],
          [
            -80.193011,
            39.63568
          ],
          [
            -80.191989,
            39.635609
          ],
          [
            -80.191171,
            39.635569
          ],
          [
            -80.191022,
            39.63557
          ],
          [
            -80.190779,
            39.635596
          ],
          [
            -80.190657,
            39.635627
          ],
          [
            -80.189428,
            39.636076
          ],
          [
            -80.189031,
            39.636238
          ],
          [
            -80.188844,
            39.636341
          ],
          [
            -80.187798,
            39.637015
          ],
          [
            -80.187543,
            39.637162
          ],
          [
            -80.187276,
            39.63728
          ],
          [
            -80.186967,
            39.637349
          ],
          [
            -80.18665,
            39.63739
          ],
          [
            -80.186,
            39.637434
          ],
          [
            -80.185348,
            39.637505
          ],
          [
            -80.184927,
            39.637586
          ],
          [
            -80.184514,
            39.637676
          ],
          [
            -80.183603,
            39.637983
          ],
          [
            -80.18253,
            39.638365
          ],
          [
            -80.182192,
            39.638557
          ],
          [
            -80.182038,
            39.638707
          ],
          [
            -80.180749,
            39.640143
          ],
          [
            -80.179723,
            39.641213
          ],
          [
            -80.179546,
            39.64135
          ],
          [
            -80.17898,
            39.641735
          ],
          [
            -80.178775,
            39.64198
          ],
          [
            -80.178378,
            39.643208
          ],
          [
            -80.178142,
            39.643867
          ],
          [
            -80.178072,
            39.644038
          ],
          [
            -80.177858,
            39.644408
          ],
          [
            -80.17781,
            39.64453
          ],
          [
            -80.177536,
            39.645678
          ],
          [
            -80.177265,
            39.646316
          ],
          [
            -80.177191,
            39.646841
          ],
          [
            -80.177128,
            39.647851
          ],
          [
            -80.177166,
            39.649383
          ],
          [
            -80.177198,
            39.649843
          ],
          [
            -80.177315,
            39.650709
          ],
          [
            -80.1773,
            39.650932
          ],
          [
            -80.177265,
            39.651038
          ],
          [
            -80.177158,
            39.65124
          ],
          [
            -80.176482,
            39.652258
          ],
          [
            -80.176329,
            39.65257
          ],
          [
            -80.176232,
            39.652851
          ],
          [
            -80.1759,
            39.653503
          ],
          [
            -80.175135,
            39.654637
          ],
          [
            -80.175017,
            39.654777
          ],
          [
            -80.174784,
            39.654953
          ],
          [
            -80.173451,
            39.655818
          ],
          [
            -80.173137,
            39.656093
          ],
          [
            -80.17288,
            39.65644
          ],
          [
            -80.172243,
            39.657566
          ],
          [
            -80.172162,
            39.657678
          ],
          [
            -80.172063,
            39.657782
          ],
          [
            -80.171863,
            39.657922
          ],
          [
            -80.171284,
            39.658261
          ],
          [
            -80.171856,
            39.658867
          ],
          [
            -80.172173,
            39.65926
          ],
          [
            -80.172717,
            39.660084
          ],
          [
            -80.172801,
            39.660202
          ],
          [
            -80.172857,
            39.660338
          ],
          [
            -80.17289,
            39.660622
          ],
          [
            -80.172872,
            39.660785
          ],
          [
            -80.172512,
            39.661921
          ],
          [
            -80.172414,
            39.662299
          ],
          [
            -80.172392,
            39.662514
          ],
          [
            -80.1724,
            39.662732
          ],
          [
            -80.172471,
            39.663042
          ],
          [
            -80.172881,
            39.663897
          ],
          [
            -80.172952,
            39.664066
          ],
          [
            -80.172998,
            39.664242
          ],
          [
            -80.172996,
            39.664397
          ],
          [
            -80.172952,
            39.664552
          ],
          [
            -80.17289,
            39.664647
          ],
          [
            -80.171337,
            39.666462
          ],
          [
            -80.171049,
            39.666755
          ],
          [
            -80.170734,
            39.667037
          ],
          [
            -80.170189,
            39.667443
          ],
          [
            -80.169985,
            39.667654
          ],
          [
            -80.169363,
            39.668674
          ],
          [
            -80.168938,
            39.669415
          ],
          [
            -80.168619,
            39.669939
          ],
          [
            -80.16816,
            39.670638
          ],
          [
            -80.168052,
            39.670768
          ],
          [
            -80.167479,
            39.671324
          ],
          [
            -80.167264,
            39.671493
          ],
          [
            -80.166948,
            39.671685
          ],
          [
            -80.166299,
            39.671956
          ],
          [
            -80.166038,
            39.672081
          ],
          [
            -80.164486,
            39.673227
          ],
          [
            -80.164368,
            39.673346
          ],
          [
            -80.16411,
            39.673709
          ],
          [
            -80.163686,
            39.674592
          ],
          [
            -80.163513,
            39.67486
          ],
          [
            -80.163301,
            39.675123
          ],
          [
            -80.162781,
            39.675678
          ],
          [
            -80.162513,
            39.675994
          ],
          [
            -80.162376,
            39.676263
          ],
          [
            -80.162316,
            39.676521
          ],
          [
            -80.162275,
            39.676855
          ],
          [
            -80.162188,
            39.677651
          ],
          [
            -80.162129,
            39.677906
          ],
          [
            -80.162036,
            39.678108
          ],
          [
            -80.161872,
            39.678394
          ],
          [
            -80.160746,
            39.679942
          ],
          [
            -80.160631,
            39.680123
          ],
          [
            -80.160343,
            39.680509
          ],
          [
            -80.160234,
            39.68062
          ],
          [
            -80.160103,
            39.680719
          ],
          [
            -80.159907,
            39.680832
          ],
          [
            -80.159478,
            39.681003
          ],
          [
            -80.158842,
            39.681207
          ],
          [
            -80.158122,
            39.681577
          ],
          [
            -80.157857,
            39.681733
          ],
          [
            -80.157631,
            39.681887
          ],
          [
            -80.157497,
            39.682006
          ],
          [
            -80.157344,
            39.682218
          ],
          [
            -80.157234,
            39.682412
          ],
          [
            -80.157032,
            39.682993
          ],
          [
            -80.156829,
            39.683296
          ],
          [
            -80.15668,
            39.683442
          ],
          [
            -80.155498,
            39.684349
          ],
          [
            -80.154868,
            39.684819
          ],
          [
            -80.154523,
            39.685133
          ],
          [
            -80.154088,
            39.685744
          ],
          [
            -80.153952,
            39.685865
          ],
          [
            -80.153787,
            39.685958
          ],
          [
            -80.153622,
            39.686003
          ],
          [
            -80.153272,
            39.686068
          ],
          [
            -80.152787,
            39.686163
          ],
          [
            -80.152533,
            39.686246
          ],
          [
            -80.151991,
            39.686492
          ],
          [
            -80.150805,
            39.686979
          ],
          [
            -80.150236,
            39.687232
          ],
          [
            -80.149256,
            39.687798
          ],
          [
            -80.148782,
            39.688003
          ],
          [
            -80.148495,
            39.688159
          ],
          [
            -80.148424,
            39.688225
          ],
          [
            -80.148377,
            39.6883
          ],
          [
            -80.14833,
            39.688516
          ],
          [
            -80.148258,
            39.690166
          ],
          [
            -80.148404,
            39.690379
          ],
          [
            -80.148702,
            39.69066
          ],
          [
            -80.148904,
            39.690829
          ],
          [
            -80.149213,
            39.691022
          ],
          [
            -80.151868,
            39.692435
          ],
          [
            -80.152217,
            39.692575
          ],
          [
            -80.153118,
            39.692826
          ],
          [
            -80.15339,
            39.692919
          ],
          [
            -80.153656,
            39.693035
          ],
          [
            -80.154446,
            39.693433
          ],
          [
            -80.154644,
            39.693577
          ],
          [
            -80.154799,
            39.693738
          ],
          [
            -80.154903,
            39.693929
          ],
          [
            -80.15495,
            39.694129
          ],
          [
            -80.155081,
            39.695008
          ],
          [
            -80.15513,
            39.695194
          ],
          [
            -80.155203,
            39.695375
          ],
          [
            -80.15611,
            39.696682
          ],
          [
            -80.156354,
            39.696994
          ],
          [
            -80.156463,
            39.697099
          ],
          [
            -80.156622,
            39.697198
          ],
          [
            -80.157137,
            39.697451
          ],
          [
            -80.15749,
            39.697752
          ],
          [
            -80.157603,
            39.697905
          ],
          [
            -80.157722,
            39.69819
          ],
          [
            -80.15781,
            39.698481
          ],
          [
            -80.157865,
            39.698797
          ],
          [
            -80.157871,
            39.699149
          ],
          [
            -80.157838,
            39.69943
          ],
          [
            -80.157644,
            39.701021
          ],
          [
            -80.157651,
            39.701238
          ],
          [
            -80.157707,
            39.701475
          ],
          [
            -80.158316,
            39.70303
          ],
          [
            -80.158383,
            39.703248
          ],
          [
            -80.158447,
            39.703737
          ],
          [
            -80.158451,
            39.703937
          ],
          [
            -80.158421,
            39.704191
          ],
          [
            -80.158366,
            39.704422
          ],
          [
            -80.158307,
            39.704562
          ],
          [
            -80.158184,
            39.704748
          ],
          [
            -80.157806,
            39.705251
          ],
          [
            -80.157633,
            39.705411
          ],
          [
            -80.1575,
            39.705563
          ],
          [
            -80.157357,
            39.705801
          ],
          [
            -80.157267,
            39.705994
          ],
          [
            -80.156899,
            39.706436
          ],
          [
            -80.156832,
            39.706582
          ],
          [
            -80.156591,
            39.707313
          ],
          [
            -80.156518,
            39.707587
          ],
          [
            -80.156375,
            39.708353
          ],
          [
            -80.156362,
            39.708493
          ],
          [
            -80.15642,
            39.709425
          ],
          [
            -80.156404,
            39.709529
          ],
          [
            -80.156333,
            39.709667
          ],
          [
            -80.156158,
            39.709796
          ],
          [
            -80.154675,
            39.7105
          ],
          [
            -80.153948,
            39.709998
          ],
          [
            -80.153216,
            39.709611
          ],
          [
            -80.152443,
            39.709202
          ],
          [
            -80.151777,
            39.708857
          ],
          [
            -80.151069,
            39.708496
          ],
          [
            -80.150944,
            39.708432
          ],
          [
            -80.150177,
            39.708065
          ],
          [
            -80.148674,
            39.707332
          ],
          [
            -80.148304,
            39.707152
          ],
          [
            -80.147733,
            39.706923
          ],
          [
            -80.147471,
            39.706866
          ],
          [
            -80.147187,
            39.706849
          ],
          [
            -80.146971,
            39.706864
          ],
          [
            -80.146801,
            39.706892
          ],
          [
            -80.146472,
            39.706981
          ],
          [
            -80.146057,
            39.707131
          ],
          [
            -80.145815,
            39.707252
          ],
          [
            -80.145629,
            39.70737
          ],
          [
            -80.145421,
            39.707561
          ],
          [
            -80.145182,
            39.707789
          ],
          [
            -80.144826,
            39.708182
          ],
          [
            -80.144633,
            39.708447
          ],
          [
            -80.142691,
            39.711512
          ],
          [
            -80.142201,
            39.712187
          ],
          [
            -80.141875,
            39.712439
          ],
          [
            -80.141637,
            39.71258
          ],
          [
            -80.141359,
            39.712705
          ],
          [
            -80.140916,
            39.712818
          ],
          [
            -80.140471,
            39.712851
          ],
          [
            -80.139971,
            39.712818
          ],
          [
            -80.139535,
            39.712783
          ],
          [
            -80.13783,
            39.712641
          ],
          [
            -80.137659,
            39.712627
          ],
          [
            -80.13712,
            39.712577
          ],
          [
            -80.135623,
            39.712436
          ],
          [
            -80.13509,
            39.712253
          ],
          [
            -80.134583,
            39.7119
          ],
          [
            -80.133946,
            39.71115
          ],
          [
            -80.133639,
            39.710788
          ],
          [
            -80.133312,
            39.710468
          ],
          [
            -80.132913,
            39.7102
          ],
          [
            -80.132122,
            39.709867
          ],
          [
            -80.131925,
            39.70978
          ],
          [
            -80.128832,
            39.708508
          ],
          [
            -80.127419,
            39.70813
          ],
          [
            -80.127129,
            39.708091
          ],
          [
            -80.12696,
            39.708087
          ],
          [
            -80.126622,
            39.708148
          ],
          [
            -80.126376,
            39.708223
          ],
          [
            -80.12604,
            39.708396
          ],
          [
            -80.125812,
            39.708537
          ],
          [
            -80.12552,
            39.708833
          ],
          [
            -80.125244,
            39.70919
          ],
          [
            -80.124713,
            39.710069
          ],
          [
            -80.124334,
            39.710864
          ],
          [
            -80.123261,
            39.713472
          ],
          [
            -80.123109,
            39.713812
          ],
          [
            -80.122958,
            39.714078
          ],
          [
            -80.122752,
            39.714318
          ],
          [
            -80.122486,
            39.714512
          ],
          [
            -80.122172,
            39.714685
          ],
          [
            -80.121813,
            39.714807
          ],
          [
            -80.121521,
            39.714871
          ],
          [
            -80.120904,
            39.714974
          ],
          [
            -80.120442,
            39.714978
          ],
          [
            -80.119917,
            39.714879
          ],
          [
            -80.119683,
            39.714809
          ],
          [
            -80.119472,
            39.714701
          ],
          [
            -80.119273,
            39.714578
          ],
          [
            -80.119061,
            39.714386
          ],
          [
            -80.118876,
            39.714171
          ],
          [
            -80.117928,
            39.712659
          ],
          [
            -80.117313,
            39.712812
          ],
          [
            -80.117131,
            39.712842
          ],
          [
            -80.116585,
            39.712886
          ],
          [
            -80.11606,
            39.712922
          ],
          [
            -80.115754,
            39.712944
          ],
          [
            -80.115288,
            39.713002
          ],
          [
            -80.11471,
            39.713234
          ],
          [
            -80.115086,
            39.713432
          ],
          [
            -80.115151,
            39.713452
          ]
        ]
      },
      "properties": {
        "id_orig": "540610114003000",
        "id_dest": "Mason Dixon Park",
        "duration_min": 38.1316666666667,
        "total_population": 117
      }
    },
    {
      "type": "Feature",
      "geometry": {
        "type": "LineString",
        "coordinates": [
          [
            -80.009096,
            39.56206
          ],
          [
            -80.006637,
            39.56411
          ],
          [
            -80.005772,
            39.564866
          ],
          [
            -80.006055,
            39.565057
          ],
          [
            -80.0066,
            39.565304
          ],
          [
            -80.006764,
            39.565378
          ],
          [
            -80.007681,
            39.565562
          ],
          [
            -80.008291,
            39.565637
          ],
          [
            -80.008779,
            39.565546
          ],
          [
            -80.009546,
            39.565661
          ],
          [
            -80.009871,
            39.565805
          ],
          [
            -80.010369,
            39.565806
          ],
          [
            -80.011008,
            39.565539
          ],
          [
            -80.011471,
            39.565311
          ],
          [
            -80.011705,
            39.565282
          ],
          [
            -80.011877,
            39.565449
          ],
          [
            -80.011855,
            39.566427
          ],
          [
            -80.011945,
            39.567497
          ],
          [
            -80.012289,
            39.568235
          ],
          [
            -80.013148,
            39.569363
          ],
          [
            -80.013768,
            39.569707
          ],
          [
            -80.01437,
            39.569899
          ],
          [
            -80.014559,
            39.569999
          ],
          [
            -80.014859,
            39.570105
          ],
          [
            -80.014997,
            39.57011
          ],
          [
            -80.01513,
            39.570087
          ],
          [
            -80.015319,
            39.570008
          ],
          [
            -80.015529,
            39.569714
          ],
          [
            -80.015663,
            39.569469
          ],
          [
            -80.015863,
            39.569246
          ],
          [
            -80.016118,
            39.569066
          ],
          [
            -80.016286,
            39.568974
          ],
          [
            -80.016396,
            39.56894
          ],
          [
            -80.016618,
            39.568944
          ],
          [
            -80.016963,
            39.569048
          ],
          [
            -80.017227,
            39.5691
          ],
          [
            -80.017318,
            39.569176
          ],
          [
            -80.017411,
            39.569295
          ],
          [
            -80.017645,
            39.569775
          ],
          [
            -80.017792,
            39.569973
          ],
          [
            -80.01884,
            39.571167
          ],
          [
            -80.019004,
            39.571419
          ],
          [
            -80.019065,
            39.571609
          ],
          [
            -80.018983,
            39.572018
          ],
          [
            -80.018847,
            39.572304
          ],
          [
            -80.018558,
            39.572621
          ],
          [
            -80.018418,
            39.572868
          ],
          [
            -80.018565,
            39.573276
          ],
          [
            -80.018595,
            39.573444
          ],
          [
            -80.018516,
            39.573681
          ],
          [
            -80.017766,
            39.574837
          ],
          [
            -80.01758,
            39.575305
          ],
          [
            -80.017598,
            39.575413
          ],
          [
            -80.017792,
            39.575623
          ],
          [
            -80.017963,
            39.575762
          ],
          [
            -80.018054,
            39.575808
          ],
          [
            -80.018308,
            39.575873
          ],
          [
            -80.018614,
            39.575906
          ],
          [
            -80.018749,
            39.575988
          ],
          [
            -80.018822,
            39.576095
          ],
          [
            -80.018815,
            39.576224
          ],
          [
            -80.018754,
            39.576559
          ],
          [
            -80.018635,
            39.577009
          ],
          [
            -80.018493,
            39.577345
          ],
          [
            -80.018455,
            39.577561
          ],
          [
            -80.018427,
            39.577963
          ],
          [
            -80.018345,
            39.578348
          ],
          [
            -80.018376,
            39.578431
          ],
          [
            -80.018451,
            39.578504
          ],
          [
            -80.018537,
            39.578548
          ],
          [
            -80.019256,
            39.578684
          ],
          [
            -80.019578,
            39.578765
          ],
          [
            -80.019866,
            39.578911
          ],
          [
            -80.020073,
            39.579053
          ],
          [
            -80.020192,
            39.579145
          ],
          [
            -80.020662,
            39.579599
          ],
          [
            -80.020797,
            39.579658
          ],
          [
            -80.021484,
            39.579791
          ],
          [
            -80.021596,
            39.579829
          ],
          [
            -80.02167,
            39.579901
          ],
          [
            -80.021701,
            39.580034
          ],
          [
            -80.021659,
            39.580207
          ],
          [
            -80.021537,
            39.580378
          ],
          [
            -80.020708,
            39.581109
          ],
          [
            -80.020246,
            39.581407
          ],
          [
            -80.019639,
            39.581906
          ],
          [
            -80.019394,
            39.58214
          ],
          [
            -80.019322,
            39.582248
          ],
          [
            -80.019289,
            39.582356
          ],
          [
            -80.019284,
            39.582579
          ],
          [
            -80.019324,
            39.582836
          ],
          [
            -80.019382,
            39.582941
          ],
          [
            -80.019469,
            39.583023
          ],
          [
            -80.019597,
            39.583099
          ],
          [
            -80.019767,
            39.583158
          ],
          [
            -80.020891,
            39.583315
          ],
          [
            -80.021052,
            39.583353
          ],
          [
            -80.021909,
            39.583745
          ],
          [
            -80.022599,
            39.583988
          ],
          [
            -80.02331,
            39.584216
          ],
          [
            -80.023536,
            39.58427
          ],
          [
            -80.023784,
            39.584297
          ],
          [
            -80.02473,
            39.584319
          ],
          [
            -80.025039,
            39.584419
          ],
          [
            -80.025047,
            39.584576
          ],
          [
            -80.02495,
            39.584911
          ],
          [
            -80.024795,
            39.585246
          ],
          [
            -80.024353,
            39.586346
          ],
          [
            -80.023973,
            39.587501
          ],
          [
            -80.023905,
            39.587812
          ],
          [
            -80.023886,
            39.588149
          ],
          [
            -80.023884,
            39.588973
          ],
          [
            -80.024012,
            39.589216
          ],
          [
            -80.024289,
            39.589432
          ],
          [
            -80.024736,
            39.589702
          ],
          [
            -80.025344,
            39.590005
          ],
          [
            -80.025933,
            39.590353
          ],
          [
            -80.026013,
            39.590421
          ],
          [
            -80.026092,
            39.590505
          ],
          [
            -80.02662,
            39.591581
          ],
          [
            -80.027017,
            39.592175
          ],
          [
            -80.027055,
            39.592294
          ],
          [
            -80.027035,
            39.592538
          ],
          [
            -80.026966,
            39.592744
          ],
          [
            -80.026448,
            39.59405
          ],
          [
            -80.026367,
            39.594189
          ],
          [
            -80.026094,
            39.594409
          ],
          [
            -80.024866,
            39.595486
          ],
          [
            -80.024661,
            39.595638
          ],
          [
            -80.024152,
            39.59605
          ],
          [
            -80.02386,
            39.596246
          ],
          [
            -80.023601,
            39.596498
          ],
          [
            -80.023456,
            39.596585
          ],
          [
            -80.02323,
            39.596709
          ],
          [
            -80.023033,
            39.596826
          ],
          [
            -80.022805,
            39.596978
          ],
          [
            -80.022002,
            39.597712
          ],
          [
            -80.02185,
            39.597808
          ],
          [
            -80.021739,
            39.59786
          ],
          [
            -80.021593,
            39.5979
          ],
          [
            -80.021317,
            39.597941
          ],
          [
            -80.021534,
            39.598715
          ],
          [
            -80.021657,
            39.599028
          ],
          [
            -80.021845,
            39.599295
          ],
          [
            -80.022041,
            39.599514
          ],
          [
            -80.022294,
            39.599797
          ],
          [
            -80.022658,
            39.600083
          ],
          [
            -80.02284,
            39.600226
          ],
          [
            -80.023058,
            39.600477
          ],
          [
            -80.023198,
            39.600598
          ],
          [
            -80.023449,
            39.60072
          ],
          [
            -80.023982,
            39.60078
          ],
          [
            -80.024151,
            39.600862
          ],
          [
            -80.024955,
            39.60132
          ],
          [
            -80.025394,
            39.601537
          ],
          [
            -80.025777,
            39.601686
          ],
          [
            -80.026084,
            39.601753
          ],
          [
            -80.026313,
            39.601787
          ],
          [
            -80.026809,
            39.601806
          ],
          [
            -80.027264,
            39.601915
          ],
          [
            -80.02756,
            39.601998
          ],
          [
            -80.02831,
            39.602331
          ],
          [
            -80.028783,
            39.602581
          ],
          [
            -80.028948,
            39.60273
          ],
          [
            -80.029137,
            39.602948
          ],
          [
            -80.029316,
            39.603039
          ],
          [
            -80.029487,
            39.603038
          ],
          [
            -80.029863,
            39.602914
          ],
          [
            -80.030157,
            39.602859
          ],
          [
            -80.030506,
            39.602836
          ],
          [
            -80.030826,
            39.602843
          ],
          [
            -80.031061,
            39.602865
          ],
          [
            -80.031492,
            39.602984
          ],
          [
            -80.032409,
            39.603399
          ],
          [
            -80.032625,
            39.603519
          ],
          [
            -80.033267,
            39.603876
          ],
          [
            -80.033651,
            39.604167
          ],
          [
            -80.033847,
            39.604345
          ],
          [
            -80.033898,
            39.60444
          ],
          [
            -80.033938,
            39.604683
          ],
          [
            -80.033922,
            39.604781
          ],
          [
            -80.033841,
            39.605213
          ],
          [
            -80.033835,
            39.605237
          ],
          [
            -80.033913,
            39.605378
          ],
          [
            -80.034974,
            39.606529
          ],
          [
            -80.035016,
            39.606587
          ],
          [
            -80.035404,
            39.607087
          ],
          [
            -80.035523,
            39.607242
          ],
          [
            -80.035764,
            39.607581
          ],
          [
            -80.036001,
            39.60813
          ],
          [
            -80.036104,
            39.608402
          ],
          [
            -80.036221,
            39.608984
          ],
          [
            -80.036274,
            39.609476
          ],
          [
            -80.036189,
            39.6098
          ],
          [
            -80.036073,
            39.610067
          ],
          [
            -80.036001,
            39.610163
          ],
          [
            -80.035573,
            39.61052
          ],
          [
            -80.035556,
            39.610623
          ],
          [
            -80.035575,
            39.610863
          ],
          [
            -80.035635,
            39.611123
          ],
          [
            -80.035864,
            39.61163
          ],
          [
            -80.035936,
            39.611934
          ],
          [
            -80.03605,
            39.612146
          ],
          [
            -80.036122,
            39.612386
          ],
          [
            -80.036116,
            39.612577
          ],
          [
            -80.036117,
            39.612703
          ],
          [
            -80.036004,
            39.612853
          ],
          [
            -80.035714,
            39.613549
          ],
          [
            -80.035665,
            39.613763
          ],
          [
            -80.035542,
            39.614089
          ],
          [
            -80.035426,
            39.614268
          ],
          [
            -80.035393,
            39.614367
          ],
          [
            -80.035389,
            39.614545
          ],
          [
            -80.035138,
            39.615369
          ],
          [
            -80.035073,
            39.615776
          ],
          [
            -80.035098,
            39.616089
          ],
          [
            -80.035141,
            39.616456
          ],
          [
            -80.03515,
            39.617062
          ],
          [
            -80.0352,
            39.617538
          ],
          [
            -80.034972,
            39.617593
          ],
          [
            -80.033779,
            39.617976
          ],
          [
            -80.032624,
            39.618355
          ],
          [
            -80.030932,
            39.619169
          ],
          [
            -80.030729,
            39.619478
          ],
          [
            -80.0307,
            39.61958
          ],
          [
            -80.030634,
            39.619817
          ],
          [
            -80.030615,
            39.619955
          ],
          [
            -80.03064,
            39.620096
          ],
          [
            -80.030697,
            39.620207
          ],
          [
            -80.031185,
            39.620863
          ],
          [
            -80.031581,
            39.621325
          ],
          [
            -80.032108,
            39.621787
          ],
          [
            -80.032685,
            39.622227
          ],
          [
            -80.032913,
            39.622429
          ],
          [
            -80.033647,
            39.623232
          ],
          [
            -80.033752,
            39.623324
          ],
          [
            -80.033944,
            39.62344
          ],
          [
            -80.034166,
            39.623543
          ],
          [
            -80.034602,
            39.623696
          ],
          [
            -80.033813,
            39.624444
          ],
          [
            -80.033665,
            39.624626
          ],
          [
            -80.033541,
            39.62482
          ],
          [
            -80.033453,
            39.625048
          ],
          [
            -80.033359,
            39.625386
          ],
          [
            -80.032779,
            39.628735
          ],
          [
            -80.032779,
            39.629108
          ],
          [
            -80.032803,
            39.629363
          ],
          [
            -80.032995,
            39.630451
          ],
          [
            -80.033006,
            39.630884
          ],
          [
            -80.032986,
            39.63114
          ],
          [
            -80.03295,
            39.631296
          ],
          [
            -80.032855,
            39.631589
          ],
          [
            -80.032793,
            39.631719
          ],
          [
            -80.03255,
            39.632083
          ],
          [
            -80.032118,
            39.632573
          ],
          [
            -80.031714,
            39.632981
          ],
          [
            -80.031549,
            39.633115
          ],
          [
            -80.031328,
            39.633249
          ],
          [
            -80.031152,
            39.633313
          ],
          [
            -80.031005,
            39.633339
          ],
          [
            -80.030848,
            39.633345
          ],
          [
            -80.030334,
            39.633334
          ],
          [
            -80.030082,
            39.63335
          ],
          [
            -80.029745,
            39.633451
          ],
          [
            -80.029611,
            39.633522
          ],
          [
            -80.029485,
            39.633614
          ],
          [
            -80.029372,
            39.633743
          ],
          [
            -80.029276,
            39.633943
          ],
          [
            -80.029254,
            39.634092
          ],
          [
            -80.029267,
            39.634246
          ],
          [
            -80.029303,
            39.634381
          ],
          [
            -80.029612,
            39.635268
          ],
          [
            -80.029686,
            39.635658
          ],
          [
            -80.029688,
            39.635965
          ],
          [
            -80.029619,
            39.636396
          ],
          [
            -80.029442,
            39.637502
          ],
          [
            -80.029432,
            39.637653
          ],
          [
            -80.029009,
            39.639714
          ],
          [
            -80.028842,
            39.640605
          ],
          [
            -80.028828,
            39.640982
          ],
          [
            -80.028957,
            39.641663
          ],
          [
            -80.029253,
            39.641628
          ],
          [
            -80.029768,
            39.641637
          ],
          [
            -80.029763,
            39.641826
          ],
          [
            -80.029782,
            39.64189
          ],
          [
            -80.029822,
            39.641931
          ],
          [
            -80.02998,
            39.642063
          ],
          [
            -80.030074,
            39.6421
          ],
          [
            -80.030168,
            39.642111
          ],
          [
            -80.030206,
            39.642103
          ]
        ]
      },
      "properties": {
        "id_orig": "540610113002018",
        "id_dest": "Mylan Park Elementary School",
        "duration_min": 39.9116666666667,
        "total_population": 29
      }
    },
    {
      "type": "Feature",
      "geometry": {
        "type": "LineString",
        "coordinates": [
          [
            -80.018988,
            39.558592
          ],
          [
            -80.019801,
            39.559332
          ],
          [
            -80.019896,
            39.559754
          ],
          [
            -80.020255,
            39.560283
          ],
          [
            -80.020324,
            39.560647
          ],
          [
            -80.020248,
            39.56068
          ],
          [
            -80.020073,
            39.560738
          ],
          [
            -80.020085,
            39.560871
          ],
          [
            -80.020291,
            39.561367
          ],
          [
            -80.020316,
            39.56163
          ],
          [
            -80.020375,
            39.561899
          ],
          [
            -80.020589,
            39.56244
          ],
          [
            -80.020733,
            39.56289
          ],
          [
            -80.020519,
            39.563269
          ],
          [
            -80.020336,
            39.563826
          ],
          [
            -80.02001,
            39.564241
          ],
          [
            -80.019208,
            39.564917
          ],
          [
            -80.018153,
            39.565482
          ],
          [
            -80.017119,
            39.566293
          ],
          [
            -80.016519,
            39.566679
          ],
          [
            -80.016066,
            39.566937
          ],
          [
            -80.014969,
            39.567713
          ],
          [
            -80.014733,
            39.568022
          ],
          [
            -80.014668,
            39.568357
          ],
          [
            -80.014675,
            39.56938
          ],
          [
            -80.014571,
            39.569802
          ],
          [
            -80.014559,
            39.569999
          ],
          [
            -80.014859,
            39.570105
          ],
          [
            -80.014997,
            39.57011
          ],
          [
            -80.01513,
            39.570087
          ],
          [
            -80.015319,
            39.570008
          ],
          [
            -80.015529,
            39.569714
          ],
          [
            -80.015663,
            39.569469
          ],
          [
            -80.015863,
            39.569246
          ],
          [
            -80.016118,
            39.569066
          ],
          [
            -80.016286,
            39.568974
          ],
          [
            -80.016396,
            39.56894
          ],
          [
            -80.016618,
            39.568944
          ],
          [
            -80.016963,
            39.569048
          ],
          [
            -80.017227,
            39.5691
          ],
          [
            -80.017318,
            39.569176
          ],
          [
            -80.017411,
            39.569295
          ],
          [
            -80.017645,
            39.569775
          ],
          [
            -80.017792,
            39.569973
          ],
          [
            -80.01884,
            39.571167
          ],
          [
            -80.019004,
            39.571419
          ],
          [
            -80.019065,
            39.571609
          ],
          [
            -80.018983,
            39.572018
          ],
          [
            -80.018847,
            39.572304
          ],
          [
            -80.018558,
            39.572621
          ],
          [
            -80.018418,
            39.572868
          ],
          [
            -80.018565,
            39.573276
          ],
          [
            -80.018595,
            39.573444
          ],
          [
            -80.018516,
            39.573681
          ],
          [
            -80.017766,
            39.574837
          ],
          [
            -80.01758,
            39.575305
          ],
          [
            -80.017598,
            39.575413
          ],
          [
            -80.017792,
            39.575623
          ],
          [
            -80.017963,
            39.575762
          ],
          [
            -80.018054,
            39.575808
          ],
          [
            -80.018308,
            39.575873
          ],
          [
            -80.018614,
            39.575906
          ],
          [
            -80.018749,
            39.575988
          ],
          [
            -80.018822,
            39.576095
          ],
          [
            -80.018815,
            39.576224
          ],
          [
            -80.018754,
            39.576559
          ],
          [
            -80.018635,
            39.577009
          ],
          [
            -80.018493,
            39.577345
          ],
          [
            -80.018455,
            39.577561
          ],
          [
            -80.018427,
            39.577963
          ],
          [
            -80.018345,
            39.578348
          ],
          [
            -80.018376,
            39.578431
          ],
          [
            -80.018451,
            39.578504
          ],
          [
            -80.018537,
            39.578548
          ],
          [
            -80.019256,
            39.578684
          ],
          [
            -80.019578,
            39.578765
          ],
          [
            -80.019866,
            39.578911
          ],
          [
            -80.020073,
            39.579053
          ],
          [
            -80.020192,
            39.579145
          ],
          [
            -80.020662,
            39.579599
          ],
          [
            -80.020797,
            39.579658
          ],
          [
            -80.021484,
            39.579791
          ],
          [
            -80.021596,
            39.579829
          ],
          [
            -80.02167,
            39.579901
          ],
          [
            -80.021701,
            39.580034
          ],
          [
            -80.021659,
            39.580207
          ],
          [
            -80.021537,
            39.580378
          ],
          [
            -80.020708,
            39.581109
          ],
          [
            -80.020246,
            39.581407
          ],
          [
            -80.019639,
            39.581906
          ],
          [
            -80.019394,
            39.58214
          ],
          [
            -80.019322,
            39.582248
          ],
          [
            -80.019289,
            39.582356
          ],
          [
            -80.019284,
            39.582579
          ],
          [
            -80.019324,
            39.582836
          ],
          [
            -80.019382,
            39.582941
          ],
          [
            -80.019469,
            39.583023
          ],
          [
            -80.019597,
            39.583099
          ],
          [
            -80.019767,
            39.583158
          ],
          [
            -80.020891,
            39.583315
          ],
          [
            -80.021052,
            39.583353
          ],
          [
            -80.021909,
            39.583745
          ],
          [
            -80.022599,
            39.583988
          ],
          [
            -80.02331,
            39.584216
          ],
          [
            -80.023536,
            39.58427
          ],
          [
            -80.023784,
            39.584297
          ],
          [
            -80.02473,
            39.584319
          ],
          [
            -80.025039,
            39.584419
          ],
          [
            -80.025047,
            39.584576
          ],
          [
            -80.02495,
            39.584911
          ],
          [
            -80.024795,
            39.585246
          ],
          [
            -80.024353,
            39.586346
          ],
          [
            -80.023973,
            39.587501
          ],
          [
            -80.023905,
            39.587812
          ],
          [
            -80.023886,
            39.588149
          ],
          [
            -80.023884,
            39.588973
          ],
          [
            -80.024012,
            39.589216
          ],
          [
            -80.024289,
            39.589432
          ],
          [
            -80.024736,
            39.589702
          ],
          [
            -80.025344,
            39.590005
          ],
          [
            -80.025933,
            39.590353
          ],
          [
            -80.026013,
            39.590421
          ],
          [
            -80.026092,
            39.590505
          ],
          [
            -80.02662,
            39.591581
          ],
          [
            -80.027017,
            39.592175
          ],
          [
            -80.027055,
            39.592294
          ],
          [
            -80.027035,
            39.592538
          ],
          [
            -80.026966,
            39.592744
          ],
          [
            -80.026448,
            39.59405
          ],
          [
            -80.026367,
            39.594189
          ],
          [
            -80.026094,
            39.594409
          ],
          [
            -80.024866,
            39.595486
          ],
          [
            -80.024661,
            39.595638
          ],
          [
            -80.024152,
            39.59605
          ],
          [
            -80.02386,
            39.596246
          ],
          [
            -80.023601,
            39.596498
          ],
          [
            -80.023456,
            39.596585
          ],
          [
            -80.02323,
            39.596709
          ],
          [
            -80.023033,
            39.596826
          ],
          [
            -80.022805,
            39.596978
          ],
          [
            -80.022002,
            39.597712
          ],
          [
            -80.02185,
            39.597808
          ],
          [
            -80.021739,
            39.59786
          ],
          [
            -80.021593,
            39.5979
          ],
          [
            -80.021317,
            39.597941
          ],
          [
            -80.021534,
            39.598715
          ],
          [
            -80.021657,
            39.599028
          ],
          [
            -80.021845,
            39.599295
          ],
          [
            -80.022041,
            39.599514
          ],
          [
            -80.022294,
            39.599797
          ],
          [
            -80.022658,
            39.600083
          ],
          [
            -80.02284,
            39.600226
          ],
          [
            -80.023058,
            39.600477
          ],
          [
            -80.023198,
            39.600598
          ],
          [
            -80.023449,
            39.60072
          ],
          [
            -80.023982,
            39.60078
          ],
          [
            -80.024151,
            39.600862
          ],
          [
            -80.024955,
            39.60132
          ],
          [
            -80.025394,
            39.601537
          ],
          [
            -80.025777,
            39.601686
          ],
          [
            -80.026084,
            39.601753
          ],
          [
            -80.026313,
            39.601787
          ],
          [
            -80.026809,
            39.601806
          ],
          [
            -80.027264,
            39.601915
          ],
          [
            -80.02756,
            39.601998
          ],
          [
            -80.02831,
            39.602331
          ],
          [
            -80.028783,
            39.602581
          ],
          [
            -80.028948,
            39.60273
          ],
          [
            -80.029137,
            39.602948
          ],
          [
            -80.029316,
            39.603039
          ],
          [
            -80.029487,
            39.603038
          ],
          [
            -80.029863,
            39.602914
          ],
          [
            -80.030157,
            39.602859
          ],
          [
            -80.030506,
            39.602836
          ],
          [
            -80.030826,
            39.602843
          ],
          [
            -80.031061,
            39.602865
          ],
          [
            -80.031492,
            39.602984
          ],
          [
            -80.032409,
            39.603399
          ],
          [
            -80.032625,
            39.603519
          ],
          [
            -80.033267,
            39.603876
          ],
          [
            -80.033651,
            39.604167
          ],
          [
            -80.033847,
            39.604345
          ],
          [
            -80.033898,
            39.60444
          ],
          [
            -80.033938,
            39.604683
          ],
          [
            -80.033922,
            39.604781
          ],
          [
            -80.033841,
            39.605213
          ],
          [
            -80.033835,
            39.605237
          ],
          [
            -80.033913,
            39.605378
          ],
          [
            -80.034974,
            39.606529
          ],
          [
            -80.035016,
            39.606587
          ],
          [
            -80.035404,
            39.607087
          ],
          [
            -80.035523,
            39.607242
          ],
          [
            -80.035764,
            39.607581
          ],
          [
            -80.036001,
            39.60813
          ],
          [
            -80.036104,
            39.608402
          ],
          [
            -80.036221,
            39.608984
          ],
          [
            -80.036274,
            39.609476
          ],
          [
            -80.036189,
            39.6098
          ],
          [
            -80.036073,
            39.610067
          ],
          [
            -80.036001,
            39.610163
          ],
          [
            -80.035573,
            39.61052
          ],
          [
            -80.035556,
            39.610623
          ],
          [
            -80.035575,
            39.610863
          ],
          [
            -80.035635,
            39.611123
          ],
          [
            -80.035864,
            39.61163
          ],
          [
            -80.035936,
            39.611934
          ],
          [
            -80.03605,
            39.612146
          ],
          [
            -80.036122,
            39.612386
          ],
          [
            -80.036116,
            39.612577
          ],
          [
            -80.036117,
            39.612703
          ],
          [
            -80.036004,
            39.612853
          ],
          [
            -80.035714,
            39.613549
          ],
          [
            -80.035665,
            39.613763
          ],
          [
            -80.035542,
            39.614089
          ],
          [
            -80.035426,
            39.614268
          ],
          [
            -80.035393,
            39.614367
          ],
          [
            -80.035389,
            39.614545
          ],
          [
            -80.035138,
            39.615369
          ],
          [
            -80.035073,
            39.615776
          ],
          [
            -80.035098,
            39.616089
          ],
          [
            -80.035141,
            39.616456
          ],
          [
            -80.03515,
            39.617062
          ],
          [
            -80.0352,
            39.617538
          ],
          [
            -80.034972,
            39.617593
          ],
          [
            -80.033779,
            39.617976
          ],
          [
            -80.032624,
            39.618355
          ],
          [
            -80.030932,
            39.619169
          ],
          [
            -80.030729,
            39.619478
          ],
          [
            -80.0307,
            39.61958
          ],
          [
            -80.030634,
            39.619817
          ],
          [
            -80.030615,
            39.619955
          ],
          [
            -80.03064,
            39.620096
          ],
          [
            -80.030697,
            39.620207
          ],
          [
            -80.031185,
            39.620863
          ],
          [
            -80.031581,
            39.621325
          ],
          [
            -80.032108,
            39.621787
          ],
          [
            -80.032685,
            39.622227
          ],
          [
            -80.032913,
            39.622429
          ],
          [
            -80.033647,
            39.623232
          ],
          [
            -80.033752,
            39.623324
          ],
          [
            -80.033944,
            39.62344
          ],
          [
            -80.034166,
            39.623543
          ],
          [
            -80.034602,
            39.623696
          ],
          [
            -80.033813,
            39.624444
          ],
          [
            -80.033665,
            39.624626
          ],
          [
            -80.033541,
            39.62482
          ],
          [
            -80.033453,
            39.625048
          ],
          [
            -80.033359,
            39.625386
          ],
          [
            -80.032779,
            39.628735
          ],
          [
            -80.032779,
            39.629108
          ],
          [
            -80.032803,
            39.629363
          ],
          [
            -80.032995,
            39.630451
          ],
          [
            -80.033006,
            39.630884
          ],
          [
            -80.032986,
            39.63114
          ],
          [
            -80.03295,
            39.631296
          ],
          [
            -80.032855,
            39.631589
          ],
          [
            -80.032793,
            39.631719
          ],
          [
            -80.03255,
            39.632083
          ],
          [
            -80.032118,
            39.632573
          ],
          [
            -80.031714,
            39.632981
          ],
          [
            -80.031549,
            39.633115
          ],
          [
            -80.031328,
            39.633249
          ],
          [
            -80.031152,
            39.633313
          ],
          [
            -80.031005,
            39.633339
          ],
          [
            -80.030848,
            39.633345
          ],
          [
            -80.030334,
            39.633334
          ],
          [
            -80.030082,
            39.63335
          ],
          [
            -80.029745,
            39.633451
          ],
          [
            -80.029611,
            39.633522
          ],
          [
            -80.029485,
            39.633614
          ],
          [
            -80.029372,
            39.633743
          ],
          [
            -80.029276,
            39.633943
          ],
          [
            -80.029254,
            39.634092
          ],
          [
            -80.029267,
            39.634246
          ],
          [
            -80.029303,
            39.634381
          ],
          [
            -80.029612,
            39.635268
          ],
          [
            -80.029686,
            39.635658
          ],
          [
            -80.029688,
            39.635965
          ],
          [
            -80.029619,
            39.636396
          ],
          [
            -80.029442,
            39.637502
          ],
          [
            -80.029432,
            39.637653
          ],
          [
            -80.029009,
            39.639714
          ],
          [
            -80.028842,
            39.640605
          ],
          [
            -80.028828,
            39.640982
          ],
          [
            -80.028957,
            39.641663
          ],
          [
            -80.029253,
            39.641628
          ],
          [
            -80.029768,
            39.641637
          ],
          [
            -80.029763,
            39.641826
          ],
          [
            -80.029782,
            39.64189
          ],
          [
            -80.029822,
            39.641931
          ],
          [
            -80.02998,
            39.642063
          ],
          [
            -80.030074,
            39.6421
          ],
          [
            -80.030168,
            39.642111
          ],
          [
            -80.030206,
            39.642103
          ]
        ]
      },
      "properties": {
        "id_orig": "540610113002016",
        "id_dest": "Mylan Park Elementary School",
        "duration_min": 40.132,
        "total_population": 6
      }
    },
    {
      "type": "Feature",
      "geometry": {
        "type": "LineString",
        "coordinates": [
          [
            -80.201706,
            39.618118
          ],
          [
            -80.20141,
            39.618026
          ],
          [
            -80.201203,
            39.617592
          ],
          [
            -80.200522,
            39.616928
          ],
          [
            -80.19925,
            39.615967
          ],
          [
            -80.199072,
            39.615692
          ],
          [
            -80.198983,
            39.615166
          ],
          [
            -80.198273,
            39.61258
          ],
          [
            -80.197975,
            39.610834
          ],
          [
            -80.19774,
            39.609445
          ],
          [
            -80.19703,
            39.608438
          ],
          [
            -80.196912,
            39.608071
          ],
          [
            -80.196971,
            39.606538
          ],
          [
            -80.196556,
            39.605394
          ],
          [
            -80.196313,
            39.605044
          ],
          [
            -80.196112,
            39.604753
          ],
          [
            -80.19568,
            39.603594
          ],
          [
            -80.195284,
            39.602533
          ],
          [
            -80.195196,
            39.601847
          ],
          [
            -80.195492,
            39.60068
          ],
          [
            -80.195462,
            39.59791
          ],
          [
            -80.195343,
            39.597132
          ],
          [
            -80.194574,
            39.595668
          ],
          [
            -80.193391,
            39.59434
          ],
          [
            -80.193213,
            39.593883
          ],
          [
            -80.193184,
            39.591342
          ],
          [
            -80.193442,
            39.590551
          ],
          [
            -80.194055,
            39.589545
          ],
          [
            -80.194574,
            39.588436
          ],
          [
            -80.195985,
            39.584954
          ],
          [
            -80.196129,
            39.584491
          ],
          [
            -80.196555,
            39.583127
          ],
          [
            -80.196524,
            39.582849
          ],
          [
            -80.196082,
            39.578939
          ],
          [
            -80.195964,
            39.578687
          ],
          [
            -80.19555,
            39.578253
          ],
          [
            -80.195579,
            39.577406
          ],
          [
            -80.195993,
            39.57411
          ],
          [
            -80.195105,
            39.570563
          ],
          [
            -80.195185,
            39.567995
          ],
          [
            -80.195141,
            39.567542
          ],
          [
            -80.194951,
            39.566813
          ],
          [
            -80.194366,
            39.565461
          ],
          [
            -80.194348,
            39.564899
          ],
          [
            -80.194412,
            39.564276
          ],
          [
            -80.194266,
            39.56387
          ],
          [
            -80.194166,
            39.563712
          ],
          [
            -80.194189,
            39.563545
          ],
          [
            -80.19438,
            39.563281
          ],
          [
            -80.195064,
            39.563272
          ],
          [
            -80.195464,
            39.563312
          ],
          [
            -80.195872,
            39.563459
          ],
          [
            -80.196742,
            39.563962
          ],
          [
            -80.19725,
            39.564218
          ],
          [
            -80.197504,
            39.564316
          ],
          [
            -80.197666,
            39.564371
          ],
          [
            -80.198417,
            39.564442
          ],
          [
            -80.198663,
            39.564499
          ],
          [
            -80.199194,
            39.564698
          ],
          [
            -80.199821,
            39.564963
          ],
          [
            -80.200099,
            39.565027
          ],
          [
            -80.200662,
            39.565129
          ],
          [
            -80.200918,
            39.565204
          ],
          [
            -80.201218,
            39.565335
          ],
          [
            -80.201421,
            39.565504
          ],
          [
            -80.201603,
            39.565719
          ],
          [
            -80.201762,
            39.565963
          ],
          [
            -80.201912,
            39.566248
          ],
          [
            -80.202185,
            39.566722
          ],
          [
            -80.202541,
            39.567171
          ],
          [
            -80.202832,
            39.567497
          ],
          [
            -80.203678,
            39.56813
          ],
          [
            -80.204182,
            39.568449
          ],
          [
            -80.204771,
            39.568781
          ],
          [
            -80.205459,
            39.569143
          ],
          [
            -80.206272,
            39.569528
          ],
          [
            -80.207111,
            39.5699
          ],
          [
            -80.20827,
            39.570316
          ],
          [
            -80.209253,
            39.570646
          ],
          [
            -80.209984,
            39.570931
          ],
          [
            -80.21219,
            39.571824
          ],
          [
            -80.212614,
            39.571971
          ],
          [
            -80.213626,
            39.57226
          ],
          [
            -80.214281,
            39.572413
          ],
          [
            -80.214451,
            39.57244
          ],
          [
            -80.215194,
            39.572509
          ],
          [
            -80.215765,
            39.57262
          ],
          [
            -80.216275,
            39.572765
          ],
          [
            -80.216533,
            39.572815
          ],
          [
            -80.217147,
            39.57285
          ],
          [
            -80.217654,
            39.572947
          ],
          [
            -80.217868,
            39.573011
          ],
          [
            -80.218137,
            39.573122
          ],
          [
            -80.218491,
            39.573379
          ],
          [
            -80.21878,
            39.573653
          ],
          [
            -80.219884,
            39.574785
          ],
          [
            -80.220717,
            39.575395
          ],
          [
            -80.22098,
            39.575554
          ],
          [
            -80.223198,
            39.576745
          ],
          [
            -80.224426,
            39.577539
          ],
          [
            -80.224665,
            39.577659
          ],
          [
            -80.22636,
            39.578305
          ],
          [
            -80.22642,
            39.578342
          ],
          [
            -80.226663,
            39.578492
          ],
          [
            -80.227529,
            39.579025
          ],
          [
            -80.228125,
            39.579286
          ],
          [
            -80.228423,
            39.579463
          ],
          [
            -80.229235,
            39.58029
          ],
          [
            -80.229437,
            39.580439
          ],
          [
            -80.230508,
            39.581021
          ],
          [
            -80.231649,
            39.581621
          ],
          [
            -80.231885,
            39.581772
          ],
          [
            -80.232701,
            39.58244
          ],
          [
            -80.232789,
            39.582577
          ],
          [
            -80.233348,
            39.583553
          ],
          [
            -80.234224,
            39.584941
          ],
          [
            -80.234581,
            39.585336
          ],
          [
            -80.234841,
            39.585568
          ],
          [
            -80.235198,
            39.585851
          ],
          [
            -80.23564,
            39.586161
          ],
          [
            -80.236421,
            39.586695
          ],
          [
            -80.237655,
            39.587436
          ],
          [
            -80.238012,
            39.587593
          ],
          [
            -80.238634,
            39.587798
          ],
          [
            -80.239023,
            39.587908
          ],
          [
            -80.239363,
            39.588029
          ],
          [
            -80.239818,
            39.588221
          ],
          [
            -80.240101,
            39.588356
          ],
          [
            -80.240474,
            39.588497
          ],
          [
            -80.241482,
            39.588819
          ],
          [
            -80.241877,
            39.588993
          ],
          [
            -80.242239,
            39.589179
          ],
          [
            -80.242653,
            39.589419
          ],
          [
            -80.242895,
            39.589593
          ],
          [
            -80.243102,
            39.589704
          ],
          [
            -80.243687,
            39.589927
          ],
          [
            -80.243939,
            39.590041
          ],
          [
            -80.244159,
            39.590167
          ],
          [
            -80.244341,
            39.590361
          ],
          [
            -80.24446,
            39.590576
          ],
          [
            -80.244508,
            39.590787
          ],
          [
            -80.244551,
            39.591302
          ],
          [
            -80.244653,
            39.591564
          ],
          [
            -80.244787,
            39.591754
          ],
          [
            -80.245067,
            39.592015
          ],
          [
            -80.245479,
            39.592246
          ],
          [
            -80.245924,
            39.59254
          ],
          [
            -80.246052,
            39.59257
          ],
          [
            -80.246235,
            39.592583
          ],
          [
            -80.246401,
            39.592566
          ],
          [
            -80.247211,
            39.5925
          ],
          [
            -80.24767,
            39.592518
          ],
          [
            -80.247533,
            39.592765
          ],
          [
            -80.24704,
            39.593375
          ],
          [
            -80.24686,
            39.593681
          ],
          [
            -80.24679,
            39.593858
          ],
          [
            -80.246778,
            39.594233
          ],
          [
            -80.246723,
            39.594353
          ],
          [
            -80.246667,
            39.594424
          ],
          [
            -80.246581,
            39.594478
          ],
          [
            -80.246253,
            39.59463
          ],
          [
            -80.246149,
            39.594687
          ],
          [
            -80.245899,
            39.594897
          ],
          [
            -80.245167,
            39.595745
          ],
          [
            -80.245064,
            39.595897
          ],
          [
            -80.244962,
            39.596142
          ],
          [
            -80.244982,
            39.596399
          ],
          [
            -80.245503,
            39.59824
          ],
          [
            -80.245592,
            39.598581
          ],
          [
            -80.245629,
            39.599042
          ],
          [
            -80.24561,
            39.59929
          ],
          [
            -80.245557,
            39.599521
          ],
          [
            -80.245474,
            39.599753
          ],
          [
            -80.24538,
            39.599931
          ],
          [
            -80.245262,
            39.600101
          ],
          [
            -80.244951,
            39.600418
          ],
          [
            -80.244715,
            39.600757
          ],
          [
            -80.244446,
            39.601313
          ],
          [
            -80.243237,
            39.603107
          ],
          [
            -80.243113,
            39.603335
          ],
          [
            -80.243062,
            39.603483
          ],
          [
            -80.243027,
            39.603763
          ],
          [
            -80.242944,
            39.605614
          ],
          [
            -80.243038,
            39.606005
          ],
          [
            -80.243345,
            39.606673
          ],
          [
            -80.24344,
            39.60687
          ],
          [
            -80.243468,
            39.607028
          ],
          [
            -80.243435,
            39.607098
          ],
          [
            -80.243356,
            39.607171
          ],
          [
            -80.243175,
            39.607295
          ],
          [
            -80.242401,
            39.607724
          ],
          [
            -80.2418,
            39.608102
          ],
          [
            -80.241158,
            39.608463
          ],
          [
            -80.239448,
            39.609204
          ],
          [
            -80.238545,
            39.609623
          ],
          [
            -80.238165,
            39.609877
          ],
          [
            -80.237808,
            39.610153
          ],
          [
            -80.237533,
            39.610339
          ],
          [
            -80.23662,
            39.610887
          ],
          [
            -80.236337,
            39.611098
          ],
          [
            -80.235308,
            39.61209
          ],
          [
            -80.234981,
            39.612379
          ],
          [
            -80.234077,
            39.612974
          ],
          [
            -80.233637,
            39.613313
          ],
          [
            -80.232765,
            39.614074
          ],
          [
            -80.23247,
            39.614307
          ],
          [
            -80.232049,
            39.614601
          ],
          [
            -80.230805,
            39.615301
          ],
          [
            -80.229911,
            39.61572
          ],
          [
            -80.229525,
            39.615964
          ],
          [
            -80.228756,
            39.616599
          ],
          [
            -80.226001,
            39.618273
          ],
          [
            -80.225759,
            39.618371
          ],
          [
            -80.225475,
            39.618435
          ],
          [
            -80.224512,
            39.618599
          ],
          [
            -80.222409,
            39.618919
          ],
          [
            -80.222069,
            39.618997
          ],
          [
            -80.221829,
            39.619098
          ],
          [
            -80.221557,
            39.619241
          ],
          [
            -80.221267,
            39.619464
          ],
          [
            -80.221052,
            39.619696
          ],
          [
            -80.220391,
            39.620517
          ],
          [
            -80.220155,
            39.620866
          ],
          [
            -80.220049,
            39.621111
          ],
          [
            -80.219872,
            39.622003
          ],
          [
            -80.219778,
            39.622307
          ],
          [
            -80.219636,
            39.622617
          ],
          [
            -80.219534,
            39.622794
          ],
          [
            -80.219381,
            39.622986
          ],
          [
            -80.219172,
            39.62316
          ],
          [
            -80.218492,
            39.623659
          ],
          [
            -80.218354,
            39.62375
          ],
          [
            -80.218171,
            39.623835
          ],
          [
            -80.217811,
            39.623957
          ],
          [
            -80.217667,
            39.624068
          ],
          [
            -80.217595,
            39.624185
          ],
          [
            -80.217559,
            39.624281
          ],
          [
            -80.217537,
            39.624764
          ],
          [
            -80.217508,
            39.624905
          ],
          [
            -80.216656,
            39.626652
          ],
          [
            -80.216519,
            39.626858
          ],
          [
            -80.216283,
            39.627063
          ],
          [
            -80.215977,
            39.627245
          ],
          [
            -80.215605,
            39.627406
          ],
          [
            -80.215444,
            39.627493
          ],
          [
            -80.215272,
            39.627621
          ],
          [
            -80.214845,
            39.628168
          ],
          [
            -80.214792,
            39.628323
          ],
          [
            -80.214772,
            39.628455
          ],
          [
            -80.214786,
            39.628664
          ],
          [
            -80.21492,
            39.629617
          ],
          [
            -80.214954,
            39.629882
          ],
          [
            -80.21483,
            39.629833
          ],
          [
            -80.214773,
            39.629765
          ],
          [
            -80.214619,
            39.629489
          ],
          [
            -80.214038,
            39.62872
          ],
          [
            -80.21399,
            39.628635
          ],
          [
            -80.213932,
            39.62845
          ],
          [
            -80.213848,
            39.628069
          ],
          [
            -80.213784,
            39.62796
          ],
          [
            -80.213681,
            39.627919
          ],
          [
            -80.213552,
            39.627907
          ],
          [
            -80.213449,
            39.627941
          ],
          [
            -80.212938,
            39.628175
          ],
          [
            -80.212341,
            39.628351
          ],
          [
            -80.212249,
            39.628422
          ],
          [
            -80.212191,
            39.628499
          ],
          [
            -80.211873,
            39.629113
          ],
          [
            -80.211646,
            39.629451
          ],
          [
            -80.211329,
            39.629738
          ],
          [
            -80.211123,
            39.629842
          ],
          [
            -80.21091,
            39.629897
          ],
          [
            -80.210682,
            39.629921
          ],
          [
            -80.210439,
            39.629909
          ],
          [
            -80.210075,
            39.62984
          ],
          [
            -80.209902,
            39.629781
          ],
          [
            -80.209746,
            39.629705
          ],
          [
            -80.209346,
            39.62946
          ],
          [
            -80.208907,
            39.629272
          ],
          [
            -80.20876,
            39.629222
          ],
          [
            -80.208591,
            39.629204
          ],
          [
            -80.208375,
            39.629213
          ],
          [
            -80.207918,
            39.629299
          ],
          [
            -80.207711,
            39.629391
          ],
          [
            -80.207384,
            39.629478
          ],
          [
            -80.206482,
            39.62949
          ],
          [
            -80.206262,
            39.629524
          ],
          [
            -80.205479,
            39.629693
          ],
          [
            -80.204738,
            39.629888
          ],
          [
            -80.204425,
            39.630008
          ],
          [
            -80.20387,
            39.630255
          ],
          [
            -80.203454,
            39.630464
          ],
          [
            -80.203164,
            39.630682
          ],
          [
            -80.202894,
            39.630984
          ],
          [
            -80.20265,
            39.631294
          ],
          [
            -80.202464,
            39.631483
          ],
          [
            -80.202243,
            39.631668
          ],
          [
            -80.201833,
            39.631887
          ],
          [
            -80.199535,
            39.632819
          ],
          [
            -80.198972,
            39.633111
          ],
          [
            -80.197049,
            39.634251
          ],
          [
            -80.19588,
            39.634915
          ],
          [
            -80.195166,
            39.635396
          ],
          [
            -80.194722,
            39.635542
          ],
          [
            -80.194123,
            39.635635
          ],
          [
            -80.193572,
            39.635674
          ],
          [
            -80.193011,
            39.63568
          ],
          [
            -80.191989,
            39.635609
          ],
          [
            -80.191171,
            39.635569
          ],
          [
            -80.191022,
            39.63557
          ],
          [
            -80.190779,
            39.635596
          ],
          [
            -80.190657,
            39.635627
          ],
          [
            -80.189428,
            39.636076
          ],
          [
            -80.189031,
            39.636238
          ],
          [
            -80.188844,
            39.636341
          ],
          [
            -80.187798,
            39.637015
          ],
          [
            -80.187543,
            39.637162
          ],
          [
            -80.187276,
            39.63728
          ],
          [
            -80.186967,
            39.637349
          ],
          [
            -80.18665,
            39.63739
          ],
          [
            -80.186,
            39.637434
          ],
          [
            -80.185348,
            39.637505
          ],
          [
            -80.184927,
            39.637586
          ],
          [
            -80.184514,
            39.637676
          ],
          [
            -80.183603,
            39.637983
          ],
          [
            -80.18253,
            39.638365
          ],
          [
            -80.182192,
            39.638557
          ],
          [
            -80.182038,
            39.638707
          ],
          [
            -80.180749,
            39.640143
          ],
          [
            -80.179723,
            39.641213
          ],
          [
            -80.179546,
            39.64135
          ],
          [
            -80.17898,
            39.641735
          ],
          [
            -80.178775,
            39.64198
          ],
          [
            -80.178378,
            39.643208
          ],
          [
            -80.178142,
            39.643867
          ],
          [
            -80.178072,
            39.644038
          ],
          [
            -80.177858,
            39.644408
          ],
          [
            -80.17781,
            39.64453
          ],
          [
            -80.177536,
            39.645678
          ],
          [
            -80.177265,
            39.646316
          ],
          [
            -80.177191,
            39.646841
          ],
          [
            -80.177128,
            39.647851
          ],
          [
            -80.177166,
            39.649383
          ],
          [
            -80.177198,
            39.649843
          ],
          [
            -80.177315,
            39.650709
          ],
          [
            -80.1773,
            39.650932
          ],
          [
            -80.177265,
            39.651038
          ],
          [
            -80.177158,
            39.65124
          ],
          [
            -80.176482,
            39.652258
          ],
          [
            -80.176329,
            39.65257
          ],
          [
            -80.176232,
            39.652851
          ],
          [
            -80.1759,
            39.653503
          ],
          [
            -80.175135,
            39.654637
          ],
          [
            -80.175017,
            39.654777
          ],
          [
            -80.174784,
            39.654953
          ],
          [
            -80.173451,
            39.655818
          ],
          [
            -80.173137,
            39.656093
          ],
          [
            -80.17288,
            39.65644
          ],
          [
            -80.172243,
            39.657566
          ],
          [
            -80.172162,
            39.657678
          ],
          [
            -80.172063,
            39.657782
          ],
          [
            -80.171863,
            39.657922
          ],
          [
            -80.171284,
            39.658261
          ],
          [
            -80.171856,
            39.658867
          ],
          [
            -80.172173,
            39.65926
          ],
          [
            -80.172717,
            39.660084
          ],
          [
            -80.172801,
            39.660202
          ],
          [
            -80.172857,
            39.660338
          ],
          [
            -80.17289,
            39.660622
          ],
          [
            -80.172872,
            39.660785
          ],
          [
            -80.172512,
            39.661921
          ],
          [
            -80.172414,
            39.662299
          ],
          [
            -80.172392,
            39.662514
          ],
          [
            -80.1724,
            39.662732
          ],
          [
            -80.172471,
            39.663042
          ],
          [
            -80.172881,
            39.663897
          ],
          [
            -80.172952,
            39.664066
          ],
          [
            -80.172998,
            39.664242
          ],
          [
            -80.172996,
            39.664397
          ],
          [
            -80.172952,
            39.664552
          ],
          [
            -80.17289,
            39.664647
          ],
          [
            -80.171337,
            39.666462
          ],
          [
            -80.171049,
            39.666755
          ],
          [
            -80.170734,
            39.667037
          ],
          [
            -80.170189,
            39.667443
          ],
          [
            -80.169985,
            39.667654
          ],
          [
            -80.169363,
            39.668674
          ],
          [
            -80.168938,
            39.669415
          ],
          [
            -80.168619,
            39.669939
          ],
          [
            -80.16816,
            39.670638
          ],
          [
            -80.168052,
            39.670768
          ],
          [
            -80.167479,
            39.671324
          ],
          [
            -80.167264,
            39.671493
          ],
          [
            -80.166948,
            39.671685
          ],
          [
            -80.166299,
            39.671956
          ],
          [
            -80.166038,
            39.672081
          ],
          [
            -80.164486,
            39.673227
          ],
          [
            -80.164368,
            39.673346
          ],
          [
            -80.16411,
            39.673709
          ],
          [
            -80.163686,
            39.674592
          ],
          [
            -80.163513,
            39.67486
          ],
          [
            -80.163301,
            39.675123
          ],
          [
            -80.162781,
            39.675678
          ],
          [
            -80.162513,
            39.675994
          ],
          [
            -80.162376,
            39.676263
          ],
          [
            -80.162316,
            39.676521
          ],
          [
            -80.162275,
            39.676855
          ],
          [
            -80.162188,
            39.677651
          ],
          [
            -80.162129,
            39.677906
          ],
          [
            -80.162036,
            39.678108
          ],
          [
            -80.161872,
            39.678394
          ],
          [
            -80.160746,
            39.679942
          ],
          [
            -80.160631,
            39.680123
          ],
          [
            -80.160343,
            39.680509
          ],
          [
            -80.160234,
            39.68062
          ],
          [
            -80.160103,
            39.680719
          ],
          [
            -80.159907,
            39.680832
          ],
          [
            -80.159478,
            39.681003
          ],
          [
            -80.158842,
            39.681207
          ],
          [
            -80.158122,
            39.681577
          ],
          [
            -80.157857,
            39.681733
          ],
          [
            -80.157631,
            39.681887
          ],
          [
            -80.157497,
            39.682006
          ],
          [
            -80.157344,
            39.682218
          ],
          [
            -80.157234,
            39.682412
          ],
          [
            -80.157032,
            39.682993
          ],
          [
            -80.156829,
            39.683296
          ],
          [
            -80.15668,
            39.683442
          ],
          [
            -80.155498,
            39.684349
          ],
          [
            -80.154868,
            39.684819
          ],
          [
            -80.154523,
            39.685133
          ],
          [
            -80.154088,
            39.685744
          ],
          [
            -80.153952,
            39.685865
          ],
          [
            -80.153787,
            39.685958
          ],
          [
            -80.153622,
            39.686003
          ],
          [
            -80.153272,
            39.686068
          ],
          [
            -80.152787,
            39.686163
          ],
          [
            -80.152533,
            39.686246
          ],
          [
            -80.151991,
            39.686492
          ],
          [
            -80.150805,
            39.686979
          ],
          [
            -80.150236,
            39.687232
          ],
          [
            -80.149256,
            39.687798
          ],
          [
            -80.148782,
            39.688003
          ],
          [
            -80.148495,
            39.688159
          ],
          [
            -80.148424,
            39.688225
          ],
          [
            -80.148377,
            39.6883
          ],
          [
            -80.14833,
            39.688516
          ],
          [
            -80.148258,
            39.690166
          ],
          [
            -80.148404,
            39.690379
          ],
          [
            -80.148702,
            39.69066
          ],
          [
            -80.148904,
            39.690829
          ],
          [
            -80.149213,
            39.691022
          ],
          [
            -80.151868,
            39.692435
          ],
          [
            -80.152217,
            39.692575
          ],
          [
            -80.153118,
            39.692826
          ],
          [
            -80.15339,
            39.692919
          ],
          [
            -80.153656,
            39.693035
          ],
          [
            -80.154446,
            39.693433
          ],
          [
            -80.154644,
            39.693577
          ],
          [
            -80.154799,
            39.693738
          ],
          [
            -80.154903,
            39.693929
          ],
          [
            -80.15495,
            39.694129
          ],
          [
            -80.155081,
            39.695008
          ],
          [
            -80.15513,
            39.695194
          ],
          [
            -80.155203,
            39.695375
          ],
          [
            -80.15611,
            39.696682
          ],
          [
            -80.156354,
            39.696994
          ],
          [
            -80.156463,
            39.697099
          ],
          [
            -80.156622,
            39.697198
          ],
          [
            -80.157137,
            39.697451
          ],
          [
            -80.15749,
            39.697752
          ],
          [
            -80.157603,
            39.697905
          ],
          [
            -80.157722,
            39.69819
          ],
          [
            -80.15781,
            39.698481
          ],
          [
            -80.157865,
            39.698797
          ],
          [
            -80.157871,
            39.699149
          ],
          [
            -80.157838,
            39.69943
          ],
          [
            -80.157644,
            39.701021
          ],
          [
            -80.157651,
            39.701238
          ],
          [
            -80.157707,
            39.701475
          ],
          [
            -80.158316,
            39.70303
          ],
          [
            -80.158383,
            39.703248
          ],
          [
            -80.158447,
            39.703737
          ],
          [
            -80.158451,
            39.703937
          ],
          [
            -80.158421,
            39.704191
          ],
          [
            -80.158366,
            39.704422
          ],
          [
            -80.158307,
            39.704562
          ],
          [
            -80.158184,
            39.704748
          ],
          [
            -80.157806,
            39.705251
          ],
          [
            -80.157633,
            39.705411
          ],
          [
            -80.1575,
            39.705563
          ],
          [
            -80.157357,
            39.705801
          ],
          [
            -80.157267,
            39.705994
          ],
          [
            -80.156899,
            39.706436
          ],
          [
            -80.156832,
            39.706582
          ],
          [
            -80.156591,
            39.707313
          ],
          [
            -80.156518,
            39.707587
          ],
          [
            -80.156375,
            39.708353
          ],
          [
            -80.156362,
            39.708493
          ],
          [
            -80.15642,
            39.709425
          ],
          [
            -80.156404,
            39.709529
          ],
          [
            -80.156333,
            39.709667
          ],
          [
            -80.156158,
            39.709796
          ],
          [
            -80.154675,
            39.7105
          ],
          [
            -80.153948,
            39.709998
          ],
          [
            -80.153216,
            39.709611
          ],
          [
            -80.152443,
            39.709202
          ],
          [
            -80.151777,
            39.708857
          ],
          [
            -80.151069,
            39.708496
          ],
          [
            -80.150944,
            39.708432
          ],
          [
            -80.150177,
            39.708065
          ],
          [
            -80.148674,
            39.707332
          ],
          [
            -80.148304,
            39.707152
          ],
          [
            -80.147733,
            39.706923
          ],
          [
            -80.147471,
            39.706866
          ],
          [
            -80.147187,
            39.706849
          ],
          [
            -80.146971,
            39.706864
          ],
          [
            -80.146801,
            39.706892
          ],
          [
            -80.146472,
            39.706981
          ],
          [
            -80.146057,
            39.707131
          ],
          [
            -80.145815,
            39.707252
          ],
          [
            -80.145629,
            39.70737
          ],
          [
            -80.145421,
            39.707561
          ],
          [
            -80.145182,
            39.707789
          ],
          [
            -80.144826,
            39.708182
          ],
          [
            -80.144633,
            39.708447
          ],
          [
            -80.142691,
            39.711512
          ],
          [
            -80.142201,
            39.712187
          ],
          [
            -80.141875,
            39.712439
          ],
          [
            -80.141637,
            39.71258
          ],
          [
            -80.141359,
            39.712705
          ],
          [
            -80.140916,
            39.712818
          ],
          [
            -80.140471,
            39.712851
          ],
          [
            -80.139971,
            39.712818
          ],
          [
            -80.139535,
            39.712783
          ],
          [
            -80.13783,
            39.712641
          ],
          [
            -80.137659,
            39.712627
          ],
          [
            -80.13712,
            39.712577
          ],
          [
            -80.135623,
            39.712436
          ],
          [
            -80.13509,
            39.712253
          ],
          [
            -80.134583,
            39.7119
          ],
          [
            -80.133946,
            39.71115
          ],
          [
            -80.133639,
            39.710788
          ],
          [
            -80.133312,
            39.710468
          ],
          [
            -80.132913,
            39.7102
          ],
          [
            -80.132122,
            39.709867
          ],
          [
            -80.131925,
            39.70978
          ],
          [
            -80.128832,
            39.708508
          ],
          [
            -80.127419,
            39.70813
          ],
          [
            -80.127129,
            39.708091
          ],
          [
            -80.12696,
            39.708087
          ],
          [
            -80.126622,
            39.708148
          ],
          [
            -80.126376,
            39.708223
          ],
          [
            -80.12604,
            39.708396
          ],
          [
            -80.125812,
            39.708537
          ],
          [
            -80.12552,
            39.708833
          ],
          [
            -80.125244,
            39.70919
          ],
          [
            -80.124713,
            39.710069
          ],
          [
            -80.124334,
            39.710864
          ],
          [
            -80.123261,
            39.713472
          ],
          [
            -80.123109,
            39.713812
          ],
          [
            -80.122958,
            39.714078
          ],
          [
            -80.122752,
            39.714318
          ],
          [
            -80.122486,
            39.714512
          ],
          [
            -80.122172,
            39.714685
          ],
          [
            -80.121813,
            39.714807
          ],
          [
            -80.121521,
            39.714871
          ],
          [
            -80.120904,
            39.714974
          ],
          [
            -80.120442,
            39.714978
          ],
          [
            -80.119917,
            39.714879
          ],
          [
            -80.119683,
            39.714809
          ],
          [
            -80.119472,
            39.714701
          ],
          [
            -80.119273,
            39.714578
          ],
          [
            -80.119061,
            39.714386
          ],
          [
            -80.118876,
            39.714171
          ],
          [
            -80.117928,
            39.712659
          ],
          [
            -80.117313,
            39.712812
          ],
          [
            -80.117131,
            39.712842
          ],
          [
            -80.116585,
            39.712886
          ],
          [
            -80.11606,
            39.712922
          ],
          [
            -80.115754,
            39.712944
          ],
          [
            -80.115288,
            39.713002
          ],
          [
            -80.11471,
            39.713234
          ],
          [
            -80.115086,
            39.713432
          ],
          [
            -80.115151,
            39.713452
          ]
        ]
      },
      "properties": {
        "id_orig": "540610114003023",
        "id_dest": "Mason Dixon Park",
        "duration_min": 46.8846666666667,
        "total_population": 7
      }
    }
  ]
}