demographic,weighted_dist,demo_pop,avg_dist,demo_res_obj_summand,demo_pop,avg_KP_weight,y_EDE
asian,17592330.120133862,5464,3219.679743801951,19477.158104684986,5464,3.564633620915993,3560.8507509961287
black,892575667.420084,269787,3308.4458013917792,1008445.1482451332,269787,3.7379308426467297,3693.839538090131
hispanic,476659287.39851624,146659,3250.119579422444,525684.3315402081,146659,3.584398717707117,3576.3414162415825
native,649699939.4360371,188825,3440.751698324041,737225.7181139629,188825,3.904280249511256,3815.8193925364576
population,2338876851.743145,709484,3296.5885795072827,2620050.342068742,709484,3.692895600279558,3659.8818603627506
white,2116204935.585271,642036,3296.0845428998855,2371817.4249139503,642036,3.694212512871475,3660.8807092226807
