demographic,weighted_dist,demo_pop,avg_dist,demo_res_obj_summand,demo_pop,avg_KP_weight,y_EDE
asian,13167862.33813543,5464,2409.930881796382,14115.111822452425,5464,2.583292793274602,2658.7847378329357
black,678635714.7765316,269787,2515.4500208554587,735949.4749866714,269787,2.727890798988355,2811.364032716431
hispanic,357662721.3696132,146659,2438.7369433148538,383498.84147487127,146659,2.614901516271564,2692.855125277808
native,506957599.23168546,188825,2684.8012669492146,551122.0898207227,188825,2.918692386181505,3000.7635668019584
population,1791043969.5439818,709484,2524.4317976782872,1933312.8191462546,709484,2.724956192311954,2808.3486398000305
white,1621573077.3729393,642036,2525.6731357321696,1750295.958553307,642036,2.7261648233951163,2809.5909361842373
