demographic,weighted_dist,demo_pop,avg_dist,demo_res_obj_summand,demo_pop,avg_KP_weight,y_EDE
asian,20131798.888671882,5464,3684.4434276485877,24085.56194887956,5464,4.40804574467049,4155.801206837457
black,1046988811.1470543,269787,3880.797855890218,1324354.1976433226,269787,4.908888114117147,4457.285146962538
hispanic,550903626.0205648,146659,3756.357441551932,662446.2062458174,146659,4.516914790403708,4224.150957150791
native,717901014.7963835,188825,3801.9383810214936,865105.444148469,188825,4.581519630072655,4263.93628685993
population,2683847804.4613256,709484,3782.8165321012534,3284358.0242858897,709484,4.629220707282884,4292.953440462514
white,2425455827.007253,642036,3777.756741066316,2968428.33669241,642036,4.623460891122009,4289.46558612675
