demographic,weighted_dist,demo_pop,avg_dist,demo_res_obj_summand,demo_pop,avg_KP_weight,y_EDE
asian,13371392.825569956,5464,2447.1802389403288,14289.95563962136,5464,2.6152920277491507,2693.2734690632324
black,700631771.4358673,269787,2596.9812164258,758819.8286872279,269787,2.812662688295685,2897.0974000231126
hispanic,363681741.5850768,146659,2479.7778628319898,388899.0619944077,146659,2.651723126398023,2732.028840635053
native,512984465.725115,188825,2716.719002913359,557093.3098549398,188825,2.950315423566476,3030.9533764992
population,1835988648.6769314,709484,2587.7802017761237,1978676.77104741,709484,2.7888955509178643,2873.3241857115877
white,1662866311.0178735,642036,2589.9892077981194,1792112.1204987268,642036,2.791295379852106,2875.733805558284
