demographic,weighted_dist,demo_pop,avg_dist,demo_res_obj_summand,demo_pop,avg_KP_weight,y_EDE
asian,16315608.41412885,5464,2986.0191094672127,17721.034029296836,5464,3.243234632008938,3296.1387672090714
black,850344734.9785743,269787,3151.911452288562,952942.2608034916,269787,3.532202295898214,3535.2460192544213
hispanic,444683503.2754585,146659,3032.0914725687376,483306.5452635403,146659,3.2954441613780285,3340.8777682998625
native,594066304.6865128,188825,3146.121036337947,656657.1610460553,188825,3.4775965102399327,3491.5985396802057
population,2193548339.7470136,709484,3091.7516670524124,2422705.4590650317,709484,3.414742910432133,3440.5018438509014
white,1984177970.9284222,642036,3090.44659634105,2192308.4547148,642036,3.4146192031518487,3440.400351714
