demographic,weighted_dist,demo_pop,avg_dist,demo_res_obj_summand,demo_pop,avg_KP_weight,y_EDE
asian,17143913.914994135,5464,3137.612356331284,18768.923790793924,5464,3.4350153350647736,3457.08430533348
black,873482661.6511039,269787,3237.6751350180098,979444.820061205,269787,3.6304374193760447,3612.0950155771843
hispanic,468033581.5245767,146659,3191.3048740587124,512476.38090089493,146659,3.494339801177527,3505.054215829545
native,613045858.1958894,188825,3246.6350228830365,679577.1992514983,188825,3.5989789447980844,3587.713851243522
population,2268989323.8574758,709484,3198.0838522890945,2512087.2499941504,709484,3.5407243151278256,3541.996906379679
white,2051493919.0898578,642036,3195.294218844205,2271848.543823791,642036,3.5385064759979055,3540.241566324089
