demographic,weighted_dist,avg_dist,demo_res_obj_summand,demo_pop,avg_KP_weight,y_EDE
asian,239939918.77665147,2407.802418206054,593602.8625941094,99651,5.956817920483582,2777.430948855632
black,511052594.15045136,2706.4879870274135,1597487.367874779,188825,8.460147585726356,3323.4588128734954
hispanic,362523775.73411125,2471.8822283945156,990916.4484289031,146659,6.7566016980131,2973.510339105935
native,13342896.814344317,2441.9650099458854,35842.87786160766,5464,6.559823913178562,2927.509276749253
population,1815616737.729507,2559.066501470797,5272533.348781043,709484,7.431504232344976,3121.6912874140976
white,688123033.5420275,2550.615980540306,2034806.9944674636,269787,7.542272216479903,3144.718357165865
