demographic,weighted_dist,demo_pop,avg_dist,demo_res_obj_summand,demo_pop,avg_KP_weight,y_EDE
asian,14717142.068134746,5464,2693.4740241827867,15757.863878435552,5464,2.883942876726858,2967.2094450858435
black,772295092.8135105,269787,2862.610477204278,855046.8240008175,269787,3.169340346276201,3231.5711288206944
hispanic,404499532.60526335,146659,2758.0955318477786,433312.12206943426,146659,2.954555274953697,3034.9764465551157
native,561321071.8305583,188825,2972.7052658840635,614599.9881547191,188825,3.254865553579871,3306.167486298905
population,2020946383.6054158,709484,2848.473515407558,2205521.2239355915,709484,3.108627148653939,3177.3841594232936
white,1829244154.9968796,642036,2849.130196744232,1997769.8853688645,642036,3.1116166155306937,3180.0769566615995
