demographic,weighted_dist,demo_pop,avg_dist,demo_res_obj_summand,demo_pop,avg_KP_weight,y_EDE
asian,14146264.028538082,5464,2588.9941487075553,15033.165075929133,5464,2.751311324291569,2835.313686174033
black,715005751.3085595,269787,2650.260210123392,772902.9519194288,269787,2.8648635846776487,2948.6141343112804
hispanic,386709435.3061401,146659,2636.793073088867,411029.04120619246,146659,2.802617235943191,2887.073982320551
native,527866862.6473091,188825,2795.5348213812213,571665.6523085004,188825,3.027489221811203,3103.291887531883
population,1894343572.5496771,709484,2670.0300113176295,2036154.7279514114,709484,2.869909297392769,2953.543870595404
white,1713805919.5373564,642036,2669.329943394695,1842363.120438928,642036,2.8695635765579004,2953.206372890003
