demographic,weighted_dist,demo_pop,avg_dist,demo_res_obj_summand,demo_pop,avg_KP_weight,y_EDE
asian,15416185.719473507,5464,2821.4102707674792,16517.896787383797,5464,3.0230411397115295,3099.172840918131
black,797493882.954517,269787,2956.0130138016916,885343.2167901401,269787,3.2816377986713228,3329.1162350376985
hispanic,420108734.0071619,146659,2864.5274685301406,450468.7808762195,146659,3.071538609128792,3143.759174304647
native,566729306.8464044,188825,3001.3467858938407,621265.9847602126,188825,3.2901680643993783,3336.3889297433966
population,2071128665.5300977,709484,2919.204189988918,2264686.547490663,709484,3.1920191963323528,3251.5462860114817
white,1874454766.903029,642036,2919.5477619682215,2051122.1511455483,642036,3.1947151735191612,3253.9114140865586
