demographic,weighted_dist,avg_dist,demo_res_obj_summand,demo_pop,avg_KP_weight,y_EDE
asian,247012940.57768497,2478.780349195542,602922.0932967045,99651,6.050336607728015,2870.7204718340013
black,521855633.57485545,2763.6998997741584,1549885.8643716932,188825,8.20805435917751,3357.1205212641235
hispanic,371533529.9457058,2533.3155820352367,980428.3613641143,146659,6.6850882752788054,3029.8208948238466
native,13566147.644616585,2482.8235074334893,35015.039216832854,5464,6.40831610849796,2962.390540038538
population,1862735429.7115378,2625.4791224489036,5196480.635282604,709484,7.324309829795463,3175.4521221852333
white,707837467.1458037,2623.6900486154027,2009184.7535020553,269787,7.447300105275849,3202.0088091244224
