demographic,weighted_dist,demo_pop,avg_dist,demo_res_obj_summand,demo_pop,avg_KP_weight,y_EDE
asian,24039149.95405461,5464,4399.551602132981,33312.73481583459,5464,6.096766986792568,5064.396803007366
black,1242032211.64175,269787,4603.751150506697,1941692.7452004175,269787,7.197132349595857,5529.229403448693
hispanic,658889782.32465,146659,4492.665177893276,931865.4857816293,146659,6.353960450989229,5180.153003759266
native,841347937.963472,188825,4455.702041379436,1180763.0282911106,188825,6.25321344255851,5135.377452711925
population,3177857175.756344,709484,4479.11041793239,4654491.951836761,709484,6.56039030032638,5269.72127434391
white,2871188073.8220997,642036,4472.0048000767865,4210789.055634128,642036,6.558493691372646,5268.911249784974
