demographic,weighted_dist,demo_pop,avg_dist,demo_res_obj_summand,demo_pop,avg_KP_weight,y_EDE
asian,21130093.00325999,5464,3867.1473285614916,26588.648384121538,5464,4.866150875571292,4432.788423233513
black,1175184368.8719237,269787,4355.97107670838,1783677.2235761096,269787,6.6114276209606455,5291.431363148621
hispanic,576376459.6631663,146659,3930.0449318702995,742824.7091595206,146659,5.064978686337153,4544.978332591028
native,783592785.6936456,188825,4149.8360158540745,1046894.722628125,188825,5.544259089782206,4798.268582502075
population,2928089367.6027064,709484,4127.06892277022,4074304.291397748,709484,5.742630265654684,4896.752723525094
white,2651493217.857725,642036,4129.8201625107085,3699663.5900319912,642036,5.762392747497011,4906.377079943686
