demographic,weighted_dist,demo_pop,avg_dist,demo_res_obj_summand,demo_pop,avg_KP_weight,y_EDE
asian,16070768.126471661,5464,2941.209393570948,17404.809648870774,5464,3.1853604774653688,3245.696151628697
black,815366862.000538,269787,3022.261495181525,908234.0061325879,269787,3.3664854352974305,3400.628667205285
hispanic,436930206.91255265,146659,2979.2253248184747,472437.2699266453,146659,3.221331591833064,3277.1549321719967
native,583139972.2215955,188825,3088.256174879362,641850.0202225382,188825,3.399179241215613,3427.70411636193
population,2133124007.8999085,709484,3006.5850785922003,2343046.5537370825,709484,3.302465670454982,3346.8404486476743
white,1929097428.0884848,642036,3004.6561689507826,2119953.881691794,642036,3.3019236953874764,3346.3806539929096
