demographic,weighted_dist,avg_dist,demo_res_obj_summand,demo_pop,avg_KP_weight,y_EDE
asian,19539777.38866495,3576.0939583940244,38126.786929907896,5464,6.977816055986072,4168.46089616862
black,984783379.9424026,3650.225473956872,2090814.820538872,269787,7.749872382801514,4393.627844006922
hispanic,530128789.9152112,3614.7034271010384,1038682.2240778354,146659,7.082294465923233,4200.349665360809
native,694793782.3661939,3679.564582900537,1380184.6973354602,188825,7.309332436570688,4268.054016473023
population,2557655510.9362693,3604.9516422305073,5145731.718418701,709484,7.252780497401916,4251.388559238163
white,2311746394.571368,3600.649176325577,4652697.589364994,642036,7.246786144959152,4249.614454646436
