demographic,weighted_dist,avg_dist,demo_res_obj_summand,demo_pop,avg_KP_weight,y_EDE
asian,239815393.6226449,2406.552805517706,634723.5864450317,99651,6.369465298341529,2763.956777218958
black,473090097.31744486,2505.4420617897254,1332660.8613434164,188825,7.057650530085616,2917.1139059086568
hispanic,346433968.27028877,2362.1732608996977,917215.7026814519,146659,6.254070344687008,2736.663744952447
native,12940651.51503118,2368.347641843188,34354.627243524934,5464,6.2874500811722065,2744.610093754972
population,1778237862.1093516,2506.381908696111,5023597.276487257,709484,7.080635048129707,2921.967605792384
white,704702591.999387,2612.070233181684,2090579.4790989782,269787,7.7490000596729205,3056.6191819430223
