demographic,weighted_dist,avg_dist,demo_res_obj_summand,demo_pop,avg_KP_weight,y_EDE
asian,206145492.43494514,2361.8057632636956,584393.2611774097,87283,6.6953846817525715,2717.116017090588
black,356243284.4082108,2398.2017988246794,1023202.3748529964,148546,6.8881179893972,2757.670103941312
hispanic,306162687.002401,2300.625851022716,849028.9192897157,133078,6.37993446918135,2648.151883404329
native,11021867.010039028,2289.0689532791334,30345.834082873647,4815,6.3023539112925535,2630.668673604907
population,1433166110.54916,2417.458522618514,4199409.425180181,592840,7.083546024526315,2797.648699707034
white,557701056.455553,2513.797492317328,1716088.1229513627,221856,7.735144070709662,2923.3994457942968
