demographic,weighted_dist,avg_dist,demo_res_obj_summand,demo_pop,avg_KP_weight,y_EDE
asian,89314550.7247948,2222.4184016321988,245606.27719738992,40188,6.111433193923308,2518.4562202069055
black,228521804.36753485,2412.2215059643727,687476.6604688664,94735,7.2568391879333545,2757.4559640016996
hispanic,137260597.29879966,2192.6262727240724,383983.8646132416,62601,6.133829565234446,2523.545509725488
native,5225876.27118689,2174.7300337856386,14539.18636503332,2403,6.050431279664303,2504.4991562350933
population,786036153.6924316,2347.2384000466786,2361523.4022022993,334877,7.051912798437335,2717.6018690606306
white,322701083.6612043,2400.531757739805,1014951.327271649,134429,7.550092072928082,2812.572402748843
