demographic,weighted_dist,avg_dist,demo_res_obj_summand,demo_pop,avg_KP_weight,y_EDE
asian,285218231.6635232,2862.1712944528726,645221.4880247499,99651,6.4748119740368875,3272.384010452104
black,560055496.8705393,2966.002896176562,1324848.2665109679,188825,7.016275739499366,3413.0832891050645
hispanic,421737658.3019569,2875.634351127151,954918.2172228814,146659,6.511146381898699,3282.187513771551
native,15672016.607269268,2868.231443497304,35056.45707798667,5464,6.415896244141045,3256.370240180895
population,2116089285.0944564,2982.5750617271938,5044662.712705837,709484,7.110326255004816,3436.410669612883
white,833591088.2279929,3089.811919136181,2077020.6413412911,269787,7.698742494417044,3575.7012316643163
