demographic,weighted_dist,avg_dist,demo_res_obj_summand,demo_pop,avg_KP_weight,y_EDE
asian,360882860.0051023,3621.467521701762,592259.824640454,99651,5.943340504766174,4202.3738769321235
black,765098365.05535,4051.891248803654,1375919.534970973,188825,7.286744525200439,4682.874775236418
hispanic,565531221.4586399,3856.0962604316123,969055.3009628745,146659,6.607540628006972,4452.167595419277
native,20863093.748802338,3818.282164861336,35602.38644503416,5464,6.515810110730995,4419.2045721131135
population,2811175913.366903,3962.2823254180544,5039352.465184258,709484,7.102841593586689,4622.602879083049
white,1098625171.1334305,4072.1946244015853,2057103.9208431423,269787,7.6249186241114,4789.839255705621
