demographic,weighted_dist,avg_dist,demo_res_obj_summand,demo_pop,avg_KP_weight,y_EDE
asian,57463560.987608396,2264.3061308065408,162233.79788747706,25378,6.392694376526009,2605.2257457467504
black,105401490.02968265,2256.5080288949403,317171.9536170084,46710,6.790236643481233,2689.948094668064
hispanic,98252400.63766806,2225.2712304411493,281823.7154148243,44153,6.382889394034931,2603.0701807921587
native,3717710.2484551235,2185.60273277785,10547.184362347249,1701,6.200578696265285,2562.3755463819693
population,464154003.2413835,2308.0641232086537,1408121.0177410098,201101,7.002058755257357,2733.0864767434823
white,201079141.0603495,2392.5745280433766,638838.8003870402,84043,7.6013326557481316,2848.4080507233093
