demographic,weighted_dist,avg_dist,demo_res_obj_summand,demo_pop,avg_KP_weight,y_EDE
asian,415780363.20665455,4172.365186567667,556422.1241364132,99651,5.583708383622977,5006.42575814705
black,910989894.5969476,4824.5195000500335,1445171.3732291732,188825,7.653495952491319,5924.279158266032
hispanic,659666826.6576121,4497.96348439313,921044.7203978851,146659,6.280178648414929,5348.595526847389
native,24221164.93696051,4432.8632754320115,33114.43218776796,5464,6.060474412109802,5244.935195963871
population,3336308048.551336,4702.442970597414,5107711.565745461,709484,7.1991920406174925,5746.146591782263
white,1324752643.8583672,4910.365005943086,2136584.734821539,269787,7.919524420455911,6023.742700978206
